Date,USDARS (Argentina),AUDUSD (Australia),USDBAM (Bosnia & Herzegovina),USDBRL (Brazil),USDBGN (Bulgaria),USDCAD (Canada),USDCLP (Chile),USDCNY (China),USDCOP (Colombia),USDHRK (Croatia),USDCZK (Czech Republic),USDDKK (Denmark),USDEGP (Egypt),EURUSD (Eurozone),USDHKD (Hong Kong),USDHUF (Hungary),USDISK (Iceland),USDINR (India),USDIDR (Indonesia),USDILS (Israel),USDJPY (Japan),USDMYR (Malaysia),USDMXN (Mexico),NZDUSD (New Zealand),USDNOK (Norway),USDPEN (Peru),USDPHP (Philippines),USDPLN (Poland),USDQAR (Qatar),USDRON (Romania),USDRUB (Russia),USDSAR (Saudi Arabia),USDRSD (Serbia),USDSGD (Singapore),USDSKK (Slovakia),USDZAR (South Africa),USDKRW (South Korea),USDSEK (Sweden),USDCHF (Switzerland),USDTWD (Taiwan),USDTHB (Thailand),USDTRY (Turkey),USDAED (United Arab Emirates),GBPUSD (United Kingdom),USDVES (Venezuela),
31/01/2000,261.44,74.66,#N/A Mandatory parameter [SECURITY] cannot be empty,68.23,69.48,77.08,102.37,91.87,78.87,86.93,66.08,94.92,#N/A Mandatory parameter [SECURITY] cannot be empty,92.8,139.44,72.64,138.94,87.92,75.82,108.71,126.7,95.36,112.6,81.94,91.87,95.62,87.07,94.28,#N/A Mandatory parameter [SECURITY] cannot be empty,77.37,47.68,114.88,#N/A Mandatory parameter [SECURITY] cannot be empty,97.77,57.72,96.78,104.94,112.24,92.62,#N/A Mandatory parameter [SECURITY] cannot be empty,91.6,77.75,86.77,133.72,#N/A Mandatory parameter [SECURITY] cannot be empty,114.54
29/02/2000,262.34,72.47,,69.44,69.5,77.42,105.05,94.31,79.77,86.55,66.22,94.46,,91.22,140.21,72.36,139.58,89.2,75.3,110.84,121.59,96.68,114.44,79.89,93.83,96.76,88.76,93.51,,79.22,48.16,115.71,,97.65,59.37,94.86,106.53,112.57,92.09,,92.29,78.83,88.04,133.26,,116.2
31/03/2000,258.83,70.02,,71.47,68.67,77.05,107.37,92.55,80.47,86.37,65.72,94.01,,89.75,140.04,72.03,140.68,91.36,74.3,112.17,125.77,96.33,116.05,80.46,94.14,95.5,91.79,92.97,,79.38,49.19,115.31,,96.34,60.1,93.87,108.03,113.47,91.12,,91.58,78.17,88.28,132.57,,116.9
30/04/2000,260.21,68.53,,71.17,67.42,76.5,107.59,92.2,80.25,86.67,63.97,93.28,,88.32,140.1,71.72,142.35,92.98,71.87,112.16,127.52,96.33,115.62,82.04,93.94,95.05,90.24,93.51,,81.88,49.84,115.59,,96.92,60.14,93.28,108.27,114.04,92.14,,91.13,78.8,88.67,134.74,,117.45
31/05/2000,265.73,68.16,,70.04,66.87,75.87,107.13,93.16,79.21,86.83,63.18,92.7,,86.61,142.37,71.25,142.94,94.26,68.64,112.96,126.39,98.24,115.37,79.33,94.93,95.28,88.68,93.53,,83.77,52.79,118.1,,97.21,58.42,90.62,108.63,113.71,92.03,,90.66,79.71,91.01,132.3,,120.23
30/06/2000,260.78,70.21,,69.65,67.62,76.7,104.18,91.05,75.84,88.5,65.21,94.15,,89.76,140.28,72.2,139.43,91.69,65.92,111.75,127.33,97.07,111.18,78.33,94.42,92.69,87.9,94.55,,80.32,52.78,115.98,,96.34,58.83,90.65,108.07,114.31,93.44,,89.3,79.42,89.43,128.54,,119.3
31/07/2000,261.12,71.2,,71.37,67.88,76.84,101.81,91.13,74.3,89.35,65.97,93.57,,89.24,140.87,72.56,137.59,92.09,63.14,113,125.22,97.87,116.35,77.35,95.24,90.06,90.83,94.52,,82.12,54.83,116.37,,96.87,58.34,92.58,109.47,112.07,93.74,,87.42,78.48,90.2,128.58,,119.54
31/08/2000,262.31,71.64,,72.74,69.34,76.67,101.35,92.06,74.05,88.93,65.82,92.21,,86.73,140.99,71.78,137,91.37,69.33,115.26,126.01,98.05,119.33,75.56,96.37,89.79,92.06,93.8,,82.77,56.64,117.71,,98.82,57.96,93.24,110.58,110.59,92.03,,87.04,77.86,91.5,129.71,,120.18
30/09/2000,264.63,69.06,,72.28,69.82,76.8,99.95,94.11,73.78,88.8,64.86,91.55,,84.66,141.44,71.2,135.02,92.71,68.02,116.12,128.03,98.42,119.15,72.19,97.15,88.35,92.52,92.86,,82.65,58.11,118.6,,98.14,57.12,92.23,112.03,109.21,92.17,,85.23,81.64,92.62,128.12,,121.41
31/10/2000,268.33,66.45,,71.31,70.02,75.78,101.13,94.8,75.71,88.66,65.09,91.46,,83.45,142.83,71.12,134.79,94.48,67.14,115.97,127.18,99.69,117.97,70.86,97.59,84.92,91.64,92.82,,82.91,59.82,119.63,,98.54,56.37,89.51,111.73,107.19,92.5,,83.14,85.98,93.74,131.39,,123.27
30/11/2000,269.56,65.79,,69.14,70.43,74.54,100.67,95.78,77.61,88.34,66.33,91.54,,84.01,143.45,71.17,131.79,94.02,65.37,115.79,126.62,100.39,119.51,71.21,97.13,83.85,93.62,93.58,,83.19,60.82,119.79,,99.4,57.35,87.57,108.58,106.09,92.53,,82.72,89.42,94.34,129.22,,123.89
31/12/2000,266.57,68.32,,68.05,71.25,75.26,99.79,95.57,75.47,88.82,66.55,92.65,,87.22,142.57,72.02,129.54,92.9,65.74,114.38,122.13,100.57,121.08,75.36,96.99,84.41,95.28,94.55,,80.55,59.78,118.39,,100,56.86,86.62,103.52,107.4,94.49,,83.52,88.96,93.35,128.93,,122.55
31/01/2001,263.51,69.53,,68.03,72.62,75.66,99.87,96.83,73.86,89.53,68.23,94.35,,90.07,141.7,74.4,128.3,92.41,65.76,110.91,116.03,100.94,117.08,77.39,96.56,83.93,97.92,95.84,,79.12,59.43,117.33,,100.18,57.84,85.09,99.51,106.32,95.48,,83.95,89.25,92.7,126.34,,123.09
28/02/2001,264.96,67.54,,66.9,72.94,74.96,101.42,97.04,75.37,88.64,68.77,94.54,,89.39,140.49,74.71,128.48,92.93,65.3,111.59,116.43,101.18,117.59,76.36,96.75,88.69,99.81,95.45,,80.25,60.97,117.79,,99.7,58.67,85.58,101.97,105.04,94.2,,85.47,78.19,93.5,125.56,,124.09
31/03/2001,270,64.78,,64.82,73.23,73.65,98.62,98.05,75.82,88.43,68.63,94.75,,89.78,142.56,74.93,127.97,94,63.27,111.87,112.24,102.74,120.17,75.28,98.5,89.5,101.92,95.65,,81.4,62.75,119.53,,99.69,58.88,86.4,101.26,103.71,94.03,,84.33,66.08,95.05,126.76,,126.11
30/04/2001,276.2,65.15,,62.35,72.9,74.09,97.99,99.24,75.54,90.23,68.26,94.25,,89.24,144.6,74.67,122.71,94.99,58.84,113.43,110.86,103.96,124.3,73.94,97.59,87.19,104.92,95.56,,82.92,64.21,120.73,,98.69,59.07,85.44,99.6,103.83,93.83,,82.85,58.96,96.4,127.83,,127.04
31/05/2001,279.5,67.63,,60.03,71.71,75.26,97.69,98.06,75.07,93.05,68.23,93.42,,87.45,144.17,76.91,116,94.83,58.56,114.91,112.72,103.64,126.81,76.32,96.54,86.7,108.1,95.47,,82.93,65.13,120.28,,97.95,59.19,87.19,101.55,103.56,92.71,,82.77,66.17,96.71,128.66,,126.86
30/06/2001,281.95,67.97,,58.5,71.08,76.27,96.82,97.78,76.99,92.56,69.32,92.83,,86.14,145.42,79.95,115.34,95.85,59.75,115.81,112.91,104.35,128.03,75.67,99.06,86.04,110.36,95.26,,84.27,66.87,121.4,,97.87,59.39,87.72,102.81,100.75,92.72,,83.59,66.2,97.94,128.43,,127.79
31/07/2001,283.67,67.18,,57.4,71.67,76.18,91.05,98.02,77.45,93.75,70.77,93.51,,87.17,146.21,80.1,119.14,95.94,63.91,115.53,110.67,104.91,127.27,75.21,100.72,84.29,103.6,95.67,,84.18,67.1,121.51,,98.49,59.9,86.21,103.06,100.56,93.87,,83.49,60.74,98.3,128.77,,128.17
31/08/2001,279.63,67.66,,55.92,72.99,75.12,88.09,95.98,77.28,91.23,71.15,94.78,,89.77,142.67,80.33,120.22,94.28,75.86,112.66,112.02,102.39,127.55,77.69,99.55,85.09,98.66,96.14,,82.13,65.15,118.54,,99.78,59.63,82.86,103.22,101.93,94.75,,83,56.01,96.01,127.66,,125.96
30/09/2001,282.47,64.95,,52.47,73.89,73.65,87.74,96.01,76.11,91.19,70.24,95.4,,90.41,141.92,79.17,117.78,92.62,73.08,109.35,113.99,101.77,124.33,75.69,99.59,85.52,98.43,96.09,,81.53,64.72,117.59,,99.72,59.25,79.07,101.39,98.91,96.46,,83.63,57.07,95.54,129.16,,126.47
31/10/2001,284.04,65.68,,51.76,74.97,73.34,84.98,96.79,76.92,91.5,71.39,95.47,,90.42,142.82,79.53,116.24,93.02,68.43,110.4,112.2,102.91,126.34,75.61,101.18,85.66,101.34,96.51,,82.31,65.45,118.63,,96.85,58.94,74.08,101.62,99.6,97.11,,83.37,57.68,96.55,128.53,,126.81
30/11/2001,278.72,68.08,,56.33,74.27,71.8,87.21,97.53,77.35,91.56,71.52,94.34,,88.77,143.64,80.27,112.83,93.64,66.86,112.61,111.09,104.44,129.1,76.11,101.18,86.05,103.94,96.81,,84.16,66.27,119.35,,96.11,59.29,71.61,103.3,100.51,97.36,,84.38,65.29,97.53,128.39,,127.42
31/12/2001,271.91,68.35,,61.15,74.37,72.95,89.11,98.32,77.56,91.9,73.06,94.62,,89.59,140.84,81.56,115.71,93.75,70.53,111.74,106.83,105.34,130.48,76.53,100.89,87.33,105.3,96.83,,84.56,66.37,119.91,,96.08,59.09,60.29,103.89,100.48,96.85,,85.83,69.47,97.83,128.71,,126.91
31/01/2002,278.93,69.38,,61.36,75.23,72.13,89.54,99.99,79.47,90.7,75.06,94.29,,88.86,142.02,83.45,120.06,92.93,71.79,106.53,102.25,106.48,131.9,78.62,99.85,89.37,105.39,96.67,,85.34,67.8,121.06,,96.47,60.32,61.92,103.09,102.03,96.62,,86.88,77.6,98.74,128.24,,128.23
28/02/2002,139.49,69.23,,63.92,76.04,72.71,91.48,101.48,80.97,90.72,75.32,94.41,,87.99,142.43,83.82,121.95,92.48,74.21,104.98,100.81,106.78,132.94,78.08,101.08,89.69,103.39,96.13,,86.65,68.43,121.66,,97.17,60.62,63.68,103.42,102.04,95.79,,87.63,79.65,99.42,128.44,,129.02
31/03/2002,118.71,70.36,,66.67,76.43,73.15,93.96,99.18,81.13,91.29,75.96,94.53,,88.45,142.08,83.74,122.24,92.36,75.98,104.36,102.67,106.8,133.23,79.94,101.58,89.7,103.79,96.12,,84.78,68.07,120.52,,96.47,60.82,63.53,103.09,103.98,96.12,,87.9,78.57,98.89,127.69,,128.72
30/04/2002,108.16,71.29,,67.83,75.86,73.4,95.58,98.07,81.84,91.2,78.42,94.6,,88.69,140.6,85.06,124.46,91.33,78.62,101.81,102.35,105.82,131.68,81.31,102.03,89.2,104.67,96.43,,84.13,67.67,119.05,,95.77,61.06,66.43,103.55,103.22,96.88,,87.63,81.75,98.07,128.35,,128.43
31/05/2002,100.7,71.92,,63.2,75.12,74.68,94.86,95.49,80.37,92.31,78.33,95.36,,90.78,137.35,85.61,128.31,89.85,80.92,99.29,104.83,104.04,126.25,83.2,101.53,89.66,101.74,97.41,,82.68,67.17,116.57,,95.85,59.67,71.7,107.17,103.42,98.45,,87.32,75.1,96.35,127.02,,126.64
30/06/2002,97.22,73.22,,57.53,75.25,75.36,91.71,93.2,78.72,93.12,79.59,96.47,,93.41,135.16,86.7,128.94,89.44,83.56,98.13,106.08,102.67,122.85,86.58,100.48,87.42,98.7,98.43,,81.49,65.6,114.11,,95.31,58.06,70.43,109.22,105.94,98.71,,87.04,68.39,94.74,125.82,,125.18
31/07/2002,102.06,70.22,,53.12,76.62,74.63,88.3,90.91,73.63,93.02,82.45,97.4,,95.44,132.79,86.08,130.97,88.67,80.23,101.65,109.21,101.04,122.34,84.28,98.71,85.82,93.22,99.24,,80.78,64.4,112.24,,95.57,57.92,70.38,110.6,105.01,99.99,,87.36,61.06,93.08,128.41,,123.5
31/08/2002,107.34,69.34,,50.21,75.81,73.81,88.72,91.59,70.29,92.66,79.2,97.22,,94.82,133.17,86.09,130.78,90.4,81.45,102.84,109.34,101.45,122.3,82.17,98.75,84.59,92.75,99.04,,82.16,64.96,113.23,,95.89,59.09,67.95,110.47,104.91,99.46,,85.88,62.47,93.83,128.63,,124.97
30/09/2002,109.69,70.05,,47.38,75.98,73.51,86.8,92.55,68.03,93.25,80.17,97.32,,94.88,132.8,86.92,128.51,90.69,81.81,100.8,107.6,101.83,120.16,83.31,98.54,84.35,93.03,98.73,,82.02,64.79,113.14,,95.3,60.43,68.46,110.12,106.4,99.41,,85.16,65.49,93.78,130.03,,125.56
31/10/2002,113.49,70.83,,42.03,76.38,73.6,86.85,93.17,67.23,91.94,78.51,97.36,,95.22,133.73,87.47,128.72,91.11,81.22,100.83,104.87,102.49,120.69,85.73,100.62,83.8,93.85,99.16,,82.72,65.35,113.54,,94.87,62.18,71.75,107.86,107.45,100.01,,84.68,69.48,94.24,130.31,,126.46
30/11/2002,113.87,71.51,,45.33,76.27,73.77,89,92.08,69.21,92.06,78.32,97.63,,95.65,131.97,89.62,128.76,90.28,82.37,101.05,105.92,101.56,119.72,87.42,99.22,82.24,96.03,99.97,,82.39,65.02,112.01,,95.16,62.66,75.83,109.3,107.76,100.01,,83.97,73.61,93.1,129.29,,124.86
31/12/2002,114.09,71.63,,45.29,77.16,73.99,88.93,91.89,67,92.81,77.34,97.78,,97.02,130.95,90.67,130.87,89.42,84.3,99.76,104.85,101.21,119.71,89.39,100.77,81.84,95.42,100.02,,82.05,65.1,111.22,,95.26,62.74,81.13,109.5,107.95,100.12,,83.6,73.4,92.49,129.17,,123.75
31/01/2003,120.18,72.93,,47.85,78.41,74.8,84.11,91.24,64.49,92.69,77.71,98.82,,99.22,128.41,91.09,133.71,88.27,83.64,94.86,105.5,99.67,114.34,92.44,99.69,80.24,94.59,100.68,,80.85,64.85,108.64,,94.88,66.55,82.15,110.79,108.55,101.84,,83.81,70.8,90.61,126.95,,122.13
28/02/2003,125.39,74.24,,46.13,78.51,76.33,81.75,91.77,64.01,91.9,77.64,100.01,,100.5,127.66,90.14,134.94,88.84,83.58,93.77,103.98,99.69,110.52,93.87,100.19,79.76,92.51,100.57,,81.91,65.57,107.77,,93.85,66.4,85.35,109.66,110.24,101.79,,83.26,72.24,90.11,125.25,,122.52
31/03/2003,127.33,74.97,,48.05,78.77,78.13,82.19,90.83,63.98,91.19,77.17,100.92,,101.38,127.66,90.65,135.37,89.91,82.9,95.18,104.9,99.21,110.62,93.43,100.58,79.12,88.95,100.4,,81.69,66.5,107.43,,93.49,67.09,88.47,106.45,109.88,101.77,,83.21,71.83,90.01,123.03,,122.35
30/04/2003,130.35,75.65,,53.21,78.92,78.28,83.65,90.58,64.72,92.43,77.62,100.76,,101.56,127.65,90.62,136.77,90.88,84.1,98.06,103.69,99.39,114.04,92.53,99.53,81.93,89.88,100.98,,80.65,67.39,107.05,,92.2,68.31,92.79,106.35,110.31,100.03,,83.18,74.12,89.9,122.08,,121.15
31/05/2003,128.27,78.52,,55.26,79.32,82.03,82.58,87.47,65.11,93.71,79.34,102.34,,105.28,123.64,92.26,137.61,89.03,86.24,97.49,104.26,97.43,116.11,93.76,96.66,80.78,90.27,102.43,,79.77,65.61,103.86,,92.04,68.78,89.19,106.87,112.3,100.54,,83.17,78.21,87.29,120.47,,116.83
30/06/2003,128.38,80.57,,56.4,77.53,83.74,81.66,86.48,65.67,93.53,79.47,102.57,,105.99,122.61,87.15,135.08,89.55,88.36,98.56,102.86,97.38,113.24,94,96.05,80.19,88.27,102.38,,79.64,66.85,103.64,,91.63,68.52,86.11,107.33,112.83,99.01,,83.95,81.24,87.16,122.61,,116.81
31/07/2003,130.28,81.07,,57.14,77.69,82.47,83.08,86.85,65.16,93.83,78.09,101.47,,104.39,122.27,86.1,132.29,91.35,87.75,99.17,102.98,98.07,114.31,95.68,96.57,80.05,87.59,101.94,,82.2,68.68,105.35,,91.73,67.91,91.35,109.21,111.03,97.11,,84.23,83.88,88.32,121.69,,118.08
31/08/2003,126.76,80.26,,55.39,77.74,81.71,83.82,87.62,65.7,93.39,76.39,100.82,,103.08,122.38,86.67,129.48,92.66,86.87,98.23,103.39,98.29,111.3,95.75,97.04,78.46,88.11,101.49,,81.82,69.15,105.76,,92.2,68.17,94.48,110.21,109.48,97.03,,85.21,85.09,89.25,121.24,,119.69
30/09/2003,124.38,80.59,,56.81,78.05,83.2,86.4,87.16,65.7,93.2,75.62,100.87,,102.92,121.2,88.22,129.75,92.86,86.5,96.48,105.95,97.17,109.57,94.82,96.31,77.33,86.27,101.31,,81.57,67.96,104.48,,91.51,69.2,93.87,110.95,111.82,96.29,,86.28,86.89,88.44,121.58,,118.38
31/10/2003,125.17,82.7,,57.02,79.36,84.96,88.42,85.68,64.02,92.43,76.98,101.24,,104.96,120.3,89.42,130.89,91.94,85.28,94.71,109.6,95.41,106.62,95.17,94.86,75.93,84.71,102.06,,81.46,67.69,101.63,,90.35,69.82,95.15,108.43,113.62,97.55,,86.06,81.43,86.65,122.98,,115.66
30/11/2003,125.4,85.33,,56.21,80.85,86.05,91.06,86.97,64.85,92.34,77.37,101.3,,104.9,120.12,88.7,131.58,91.95,85.45,93.67,109.16,95.47,107.89,98.86,94.89,75.39,84.5,102.25,,80.32,69.06,101.55,,90.74,70.27,97.64,106.26,113.48,96.69,,85.72,80.1,86.95,123.63,,114.83
31/12/2003,120.38,86.67,,55.31,82.73,85.57,92.75,85.94,65.36,92.5,77.24,102.02,,108.12,118.63,87.85,131.91,89.9,85.07,93.33,109.21,94.42,106.58,99.68,94.34,74.64,84.56,102.74,,80.54,68.45,99.24,,90.62,70.68,98.51,104.65,114.65,98.25,,84.86,79.91,85.32,124.36,,112.86
31/01/2004,120.1,89.31,,56.22,83.82,85.9,95.59,85.8,66.21,93.35,78,102.59,,108.65,117.31,90.32,136.18,89.67,85.38,90.81,108.88,93.11,109.44,101.45,93.29,74.06,84.21,103.04,,80.51,69.6,97.22,,90.28,74.53,90.97,104.55,113.68,97.78,,85.4,83.65,84.18,126.44,,111.25
29/02/2004,119.8,89.96,,54.89,83.88,83.5,93.73,85.24,67.71,93.73,77.71,103.13,,108.51,115.72,91.63,136.92,90.02,84.36,89.7,108.15,92.68,108.55,103.97,93.7,73.07,81.51,102.6,,81.84,70.73,96.88,,91.7,75.29,93.54,106.3,112.66,97.04,,85.69,84.73,84,129.47,,112.04
31/03/2004,121.43,87.68,,55.91,82.86,83.7,91.39,86.1,69.76,94.65,76.39,102.13,,106.69,116.47,94.42,135.02,91.46,83.97,89.47,106.82,93.29,109.06,100.87,94.82,73.6,82.34,101.92,,82.21,72.22,97.78,,90.89,75.04,97.28,108.14,111.04,96.19,,85.87,87.5,85.18,128.56,,113.52
30/04/2004,125.69,87.1,,56.22,82.3,83.13,91.09,86.68,70.95,93.6,76.65,101.05,,105.04,116.45,94.67,133.35,94.41,84.1,90.04,107.54,93.2,106.51,98.21,94.59,74.1,82.16,101.8,,80.5,73.01,98.17,,92.11,74.87,98.61,109.16,110.4,96.52,,86,85.97,85.6,128.37,,114.35
31/05/2004,126.05,83.55,,53.43,82.87,81.6,88.48,87.51,69.71,95.49,78.38,101.57,,106.22,117.23,94.69,133.76,92.72,82.24,90,103.99,94.48,104.11,96.62,95.47,75.42,83.7,102.4,,81.28,73.2,98.96,,91.8,74.88,96.36,107.99,111.35,97.95,,85.15,77.75,86.75,127.93,,116.59
30/06/2004,124.22,81.65,,52.62,81,82.4,87.33,86.03,69.79,95.59,79.3,101.43,,106.18,116.34,94.62,135.64,91.53,78.67,90.53,106.28,94.03,104.87,98.48,95.82,75.6,86.87,102.55,,81.33,72.83,97.98,,90.5,75.31,100.93,108.89,110.67,99.51,,84.08,77.85,86.46,129.51,,115.8
31/07/2004,123.06,83.83,,54.44,82.02,84.55,88.4,85.63,71.12,95.41,79.95,101.44,,106.36,115.82,96.1,135.42,90.86,81.72,90.35,105.54,93.82,104.15,100.41,96.31,76.37,89.51,102.64,,82.06,72.88,98.05,,90.84,75.5,105.78,109.18,110.29,98.27,,83.55,79.81,86.37,129.33,,114.71
31/08/2004,120.75,83.52,,55.63,81.45,84.9,88.23,86.37,72.5,95.34,79.52,100.89,,106.25,115.93,95.93,136.09,91.88,80.15,90.01,104.64,94.11,105.53,102.23,97.49,77.13,89.64,101.99,,82.33,73.09,98.42,,90.83,74.87,100.71,110.53,109.93,97.6,,82.92,79.48,87.06,128.53,,114.8
30/09/2004,119.95,82.34,,57.69,82.2,86.37,90.27,86.7,73.48,94.28,78.81,101.3,,106.38,115.41,96.37,135.56,91.9,80.28,90.4,104.79,93.88,105.07,103.06,97.67,76.58,90.99,101.87,,82.8,73.07,97.8,,91.62,75.03,98.86,110.77,111.81,97.26,,82.76,78.48,87.12,126.22,,114.14
31/10/2004,119.72,84.96,,57.95,82.25,88.67,90.67,85.19,71.81,93.22,79.47,101.69,,107.52,114.78,97.24,136.77,91.39,80.42,89.63,105.43,93.33,105.58,105.09,97.61,75.63,92.72,102.31,,83.75,72.87,96.52,,91.58,75.04,99.9,110.09,112.61,98.38,,82.04,79.47,86.25,124.92,,112.77
30/11/2004,117.84,87.56,,58.46,83.08,92.12,90.49,83.05,72.13,93.73,80.36,102.08,,108.78,112.58,98.38,138.68,91.26,79.93,88.49,107.41,91.62,105.62,104.91,96.36,74.46,94.75,103.09,,87.24,72.68,94.14,,91.18,75.91,103.33,112.72,113.48,100.64,,81.95,80.07,84.35,124.87,,109.64
31/12/2004,115.8,86.32,,59.69,84.09,89.91,91.79,81.83,74.9,94.46,82.16,102.06,,110.4,111.14,98.29,145.05,91.16,77.93,88.24,106.51,90.74,107.05,106.26,95.71,74.31,97.69,103.22,,90.42,73.3,92.46,,90.49,76.76,106.54,115.61,114.2,99.98,,83.35,81.13,83.07,127.11,,107.86
31/01/2005,117.53,86.65,,60.77,84.09,89.47,92.06,82.83,77.19,94.62,83.42,101.43,,107.96,110.79,98.24,147.99,92.65,79.49,87.68,106.79,91.17,106.51,105.07,96.17,75.66,98.75,102.76,,91.97,76.04,92.96,,89.97,78.2,103.54,118.42,112.24,98.31,,84.43,85.21,84.04,124.84,,108.67
28/02/2005,118.33,88.24,,63.01,83.84,88.2,91.26,84.16,78.15,95.32,83.85,101.56,,106.73,110.58,98.82,149.89,92.44,78.61,87.71,103.95,90.83,107.47,106.05,95.32,76.8,100.09,102.04,,95.2,76.79,92.56,,90.25,78.78,102.67,120.31,111.34,97.46,,85.31,87.68,84.18,125.65,,108.89
31/03/2005,120.79,88.22,,60.33,83.97,89.69,89.3,82.39,77.82,96.54,84.12,101.95,,108.13,109.81,98.88,153.8,91.98,78.53,87.42,103.27,90.22,107.04,107.68,95.61,76.9,99.26,102.04,,96.44,77.71,91.28,,89.85,78.11,102.44,122.25,111.31,97.65,,85.54,86.36,83.78,125.69,,108.79
30/04/2005,119.81,87.58,,64.01,84.41,88.41,91.02,82.81,78.12,96.62,82.71,101.72,,107.25,110.86,97.63,150.11,93.62,77.88,87.62,101.7,91.02,107.63,107.46,95.42,77.79,95.51,101.97,,97.7,79.03,92.15,,89.71,76.25,101.77,122.81,109.6,97.68,,84.57,84.92,84.7,126.76,,110.28
31/05/2005,119.13,87.28,,67.9,83.39,87.23,91.5,82.74,78.63,96.85,82.07,101.13,,106.12,110.98,96.06,145.25,94.3,78.77,88.32,102.74,91.88,108.94,108.06,95.33,78.36,94.76,101.93,,97.7,80.03,92.63,,89.65,76.41,99.37,123.87,108.5,96.94,,84.55,86.21,85.56,125.93,,110.57
30/06/2005,121.17,89.1,,69.8,81.22,88.92,91.83,83.47,79.79,95.93,82.14,99.98,,103.41,113.39,96.29,149.8,96.18,79.18,87.86,101.64,93.34,111.05,108.27,96.42,78.68,96.15,101.13,,96.91,80.99,94.58,,88.84,76.77,95.08,124.1,106.12,95.68,,83.71,89.34,87.5,126.74,,111.89
31/07/2005,122.36,88.5,,71.34,81.14,90.37,94.1,84.99,80,95.76,81.98,99.91,,103.2,114.3,97.25,151.82,97.88,78.88,87.71,98.76,94.19,112.82,105.08,96.42,78.9,95.06,101.54,,99.13,81.63,95.63,,89.74,75.8,97.45,122.25,103.9,93.91,,84.15,91.08,88.64,123.08,,112.61
31/08/2005,121.08,88.49,,70.87,81.62,91.23,98.09,85.03,79.65,95,83.56,99.82,,103.77,112.58,97.51,152.36,96.22,76.69,87.57,98.67,94.28,111.83,106.45,94.82,78.32,96.21,101.51,,100.92,80.61,94.23,,90.17,75.95,99.82,122.86,105.15,94.48,,84.68,89.71,88.08,124.06,,111.45
30/09/2005,119.67,88.8,,72.58,82.15,93.28,100.23,85.28,79.85,93.96,83.51,99.72,,103.23,113.13,96.45,157.71,95.81,75.27,86.47,98.21,94.06,110.26,106.9,92.48,78.18,99.08,101.13,,100.58,80.77,93.93,,89.11,76.18,101.47,122.05,105.02,94.38,,85.33,90.57,88.47,124.84,,112.13
31/10/2005,118.06,88.31,,75.11,82.69,93.24,101.59,86.38,80.48,95.02,82.87,99.26,,102.65,114.44,93.75,164.1,94.93,83.87,86.35,95.3,94.82,110.26,108.06,90.9,80.11,98.87,101.14,,98.58,81.8,95.4,,89.23,75.95,99.29,121.02,103.68,94.68,,86.77,92.18,90.15,123.44,,113.43
30/11/2005,117.93,87.25,,77.79,83.2,93.41,103.14,87.76,81.35,95.15,83.73,98.86,,101.63,115.96,94.05,164.48,94.34,86.39,86.01,92.67,96.02,113.79,108.56,91.52,83.27,97.23,101.42,,98.01,83.09,96.97,,89.58,76.28,99.53,122.65,101.65,94.39,,86.74,94.86,92.05,123.37,,113.37
31/12/2005,118.61,87.69,,75.4,83.65,95,105.63,87.59,81.31,95.25,84.22,98.78,,101.9,115.42,93.1,159.59,93.24,87.54,87.08,92.11,95.59,114.91,108.77,90.45,84.7,99.81,101.33,,98.05,83,96.5,,90.43,77.67,103.62,124.69,103,93.96,,86.23,95.03,92.3,123.52,,111.98
31/01/2006,116.45,87.22,,75.04,84.46,94.7,102.11,86.88,80.8,96.23,86.45,98.63,,101.62,113.17,94.07,162.67,94.82,90.3,85.29,92.92,94.57,115,105.93,90.55,85.17,101.04,101.23,,99.72,84.78,94.89,,90.67,79.88,107.01,128.11,103.91,94.04,,87.87,95.23,91.28,122.03,,110.94
28/02/2006,114.86,86.86,,79.37,86.26,95.2,101.33,88.14,81.51,97.08,86.81,98.83,,100.56,112.94,93.21,156.71,95.18,93.2,84.45,90.48,95.44,115.76,104.4,93.42,87.3,100.96,100.88,,102.16,87.08,95.14,,91,79.96,107.11,130.49,103.21,93.06,,88.81,96.46,92.2,121.98,,111.11
31/03/2006,115.47,85.47,,79.65,86.53,94.72,101,86.91,81.78,97.02,86.1,99.24,,101.83,113.06,90.39,145.09,94.58,93.82,84.53,91.02,97.12,112.62,98.88,92.15,88.2,98.5,101.99,,103.47,88.4,95.19,,90.71,80.01,104.95,130.28,103.27,92.25,,90.48,95.27,92.49,121.05,,111.79
30/04/2006,115.37,85.95,,79.54,86.79,95.36,102.51,85.99,78.79,97.27,86.43,99.48,,103.06,111.91,89.28,134.22,93.87,94.88,85.95,90.08,96.87,108.62,96.04,91.85,86.86,98.08,102.05,,104.14,88.03,93.72,,91.07,80.32,106.56,131.89,104.39,92.66,,92.69,94.56,91.7,120.94,,111.47
31/05/2006,115.81,87.75,,76.51,87.54,97.73,100.4,83.76,75.43,98.53,87.82,100.07,,104.72,109.76,91.61,136.43,91.63,92.1,85.92,93.24,96.53,106.21,95.37,91.81,83.8,99.51,102.61,,104.89,87.34,91.28,,90.61,80.27,100.08,130.89,105.09,94.58,,91.22,86.75,90.28,125.01,,109.49
30/06/2006,117.69,86.31,,74.39,86.94,97.62,98.11,84.46,72.77,98.98,87.95,100.42,,105.39,111.24,88.68,133.83,92.32,90.37,86.94,91.68,96.44,103.95,95.19,93.36,83.75,96.14,102.64,,104.47,88.99,92.42,,90.26,79.57,92.33,130.37,106.42,94.45,,91.6,78.8,92.05,124.94,,111.21
31/07/2006,116.81,87.92,,76.49,86.42,96.16,98.47,84.24,73.34,98.37,88.3,100.25,,105.3,111.15,87.31,135.01,91.89,92.88,87.59,90.31,96.15,107.84,94.83,93.21,85.37,96.99,102.49,,104.03,89.68,92.6,,91.17,79.02,91.84,131.34,106.59,93.36,,92.63,81.77,92.62,124.69,,111.17
31/08/2006,116.39,88.71,,77.06,85.79,96.62,98.32,84.14,76.93,97.66,89.11,100.05,,105.1,110.44,88.13,141.56,91.56,93,87.92,90.21,95.3,109,96.55,92.71,86.84,99.4,102.1,,104.82,89.41,91.9,,91.19,80.28,93.53,129.81,106.59,92.9,,93.02,85.3,92.6,127.42,,110.36
30/09/2006,116.91,87.96,,77.05,85.84,96.67,98.47,85.47,76.97,96.08,87.71,100.28,,104.74,110.62,90.2,143.69,93.22,92.94,88,89.31,95.76,109.4,99.99,92.51,88.77,97.9,102.57,,104.55,89.77,92.43,,90.93,80.48,87.93,131.57,106.45,92.15,,93.34,85.81,93.5,127.63,,109.91
31/10/2006,117.66,88,,78.13,86.45,95.79,99.86,86.26,78.16,95.77,87.12,99.91,,104.11,110.99,92.82,148.54,95.33,93.8,89.38,88.11,95.87,111.2,101.41,92.93,89.94,99.25,102.41,,104.53,90.11,93.34,,91.64,81.91,85.99,131.39,106.31,91.81,,94.52,87.53,94.49,127.79,,109.67
30/11/2006,118.66,88.94,,77.37,87.63,94.93,99.26,86.25,80.18,96.9,87.96,99.76,,104.61,109.9,96.07,144.23,95.31,93.35,87.76,87.64,96.08,111.14,101.04,92.2,89.42,101.28,102.56,,106.26,89.97,92.48,,91.92,84.34,89.14,131.82,108.43,91.94,,95.43,88.27,93.93,128.32,,108.35
31/12/2006,118.81,88.93,,76.69,88.54,93.1,97.92,86.56,80.53,96.78,88.85,99.93,,105.7,108.82,98.04,140.63,93.93,93.72,88.21,86.48,97.52,111.57,103.05,91.62,89.34,101.31,102.69,,109.57,89.73,91.09,,91.76,86.36,90.62,131.89,109.37,91.92,,96.26,87.98,93.13,129.83,,107.07
31/01/2007,119.39,89.16,,77.91,89.53,91.27,96.4,88.43,82.37,96.81,89.48,99.59,,104.24,109.2,99.21,141.85,95.48,95.61,88.2,84.17,99.87,111.46,104.46,92.32,91.49,99.8,102.41,,110.26,91.71,92.71,,90.83,87.46,90.58,131.45,108.25,90.01,,98.04,90.36,94.65,130.17,,108.5
28/02/2007,117.44,88.6,,79.54,89.58,91.75,95.08,89.65,83.02,96.98,88.19,100.4,,104.38,106.81,100.43,146.88,95.2,95.59,87.62,82.86,99.46,110.57,103.88,91.8,91.93,99.43,102.13,,110.18,92.62,91.48,,91.13,88.13,89.97,131.39,107.1,89.69,,100.86,91.87,94.76,129.61,,108.24
31/03/2007,117.41,89.15,,79.19,89.36,91.9,95.29,88.21,84.34,97.2,88.83,100.88,,105.47,107.73,102.38,145.16,95.08,93.62,87.04,84.96,98.5,108.54,103.82,91.41,90.72,99.92,103.13,,110.4,92.67,90.77,,90.81,89.69,87.42,129.92,106.37,90.09,,104.32,90.66,94.46,127.71,,108.35
30/04/2007,116.48,92.31,,80.43,89.31,94.21,95.48,87.13,86.24,97.1,89.33,100.66,,106.41,105.64,104.18,146.69,99.36,93.13,88.62,82.89,98.92,108.61,107.59,90.38,91.55,102.03,103.51,,111.43,92.32,89.34,,91.03,90.38,90.09,130.9,107.45,89.62,,104.69,93.08,93.37,128.14,,107.23
31/05/2007,115.56,92.14,,82.11,88.9,97.51,97.21,87.72,91.58,98.17,88.62,100.53,,106.09,105.18,103.52,152.53,102.08,95.77,89.83,81.26,99.66,108.94,107.24,90.09,93.47,103.09,103.39,,113.47,92.53,88.87,,90.61,89.55,91.43,130.99,107.29,88.74,,104.05,94.88,93.57,127.46,,106.78
30/06/2007,115.06,94.35,,84.48,88.21,99.96,96.97,88.69,95.54,97.51,87.59,100.23,,105.51,105.89,102.81,154.69,102.28,94.49,86.52,79.63,98.66,108.63,110.42,89.95,95.18,102.08,103.06,,115.47,93.39,89.13,,89.7,88.98,90.41,130.99,105.6,88.3,,106.03,95.89,94.47,128.36,,106.66
31/07/2007,112.21,95.82,,86.08,90.29,100.78,98.04,89.01,93.25,97.51,88.81,99.98,,105.74,104.67,104.47,157.71,102.31,92.62,84.96,79.06,97.6,108.7,112.82,89.6,95.88,103.07,103.02,,119.3,93.93,88.79,,91.63,90.6,92.35,131.08,107.46,88.04,,111.16,96.32,93.94,128.39,,105.02
31/08/2007,112.98,91.77,,83.1,93.14,99.88,98.96,89.94,88.79,97.67,90.61,99.7,,105.43,104.46,100.75,147.65,101.74,90.16,86.32,83.14,96.47,106.83,104.92,90.36,94.26,101.25,102.4,,116.96,93.88,89.46,,91.71,89.77,89.71,128.09,105.65,88.69,,105.33,94.18,95.3,127.85,,104.98
30/09/2007,111.96,92.7,,84.72,94.11,102.34,99.76,89.7,85.33,98.69,91.16,100.16,,106.34,103.9,102.15,149.62,101.67,90.53,87.67,83.43,95.83,106.87,102.75,90.44,93.65,102.57,102.78,,113.57,94,88.97,,90.86,89.26,90.24,127.91,107.12,88.38,,103.82,97.41,95.07,126.04,,103.47
31/10/2007,108.76,97.12,,88.27,94.09,106.49,101.09,88.46,88.49,98.54,92.27,100.15,,107.07,103.8,103.68,154.2,102.05,91.42,87.53,81.37,96.92,108.14,106.52,92.27,96.09,105.2,102.88,,113.84,95,88.38,,93.45,89.97,93.83,128.24,108.8,87.85,,104.69,101.79,94.27,125.25,,101.23
30/11/2007,108.2,95.36,,88.85,95.62,106.76,98.73,88.53,85.56,99.33,95.25,101,,108.65,101.89,102.87,150.54,100.36,88.04,88.25,83.61,96.23,106.93,105.67,91.46,97.07,107.41,103.04,,110.86,95.05,87.6,,93.77,91.14,92.79,124.88,108.45,89.7,,103.42,101.71,93.37,123.69,,99.71
31/12/2007,109.04,93.17,,88.39,96.08,102.72,100.84,90.28,87.38,100.18,96.72,100.63,,108.53,102.31,103.24,148.72,100.37,88.39,89.15,82.6,97.18,107.88,107.42,92.46,101.62,108.86,102.79,,109.06,95.91,88.01,,92.92,90.36,92.16,123.64,106.55,88.93,,107.48,103.2,94.68,121.74,,100.17
31/01/2008,108.62,93.3,,88.55,97.56,100.98,103.29,91.98,88.73,100.94,100.73,101.19,,107.93,99.85,103.14,142.96,100.03,87.91,92.06,84.87,98.08,106.72,106.33,92.33,103.38,109.45,102.9,,105.41,97.29,88.1,,93.73,90.86,90.46,120.43,105.91,90.98,,106.18,103.35,95.09,116.4,,99.55
29/02/2008,106.51,95.75,,90.19,97.93,101.45,105.02,94.79,92.45,100.69,102.94,101.55,,107.07,100.15,100.92,138.74,99.04,89.41,94.58,83.82,98.35,107.4,107.82,92.99,102.95,109.99,102.42,,106.42,97.19,88.07,,94.36,91.72,82.43,118.68,106.29,91.17,,102.34,101.89,94.79,115.73,,98.19
31/03/2008,105.15,95.22,,89.74,99.56,100.15,109.28,92.36,94.27,101.64,104.07,102.75,,110.77,97.81,103.02,125.13,97.4,88.24,94.83,87.99,97.27,106.75,106.46,94.95,99.72,112.46,103.94,,105.84,97.87,86.74,,94.28,94.13,77.75,112.22,107.74,94.46,,99.53,94.94,92.84,113.99,,96.69
30/04/2008,104.45,95.32,,90.1,100.41,98.74,107.78,92.82,96.46,102.18,104.86,103,,111.58,97.21,105.8,123.45,98.53,87.64,94.96,85.48,97.39,108.46,104.43,96.3,99.16,116.01,104.02,,108.54,98.92,86.76,,96.44,94.52,79.07,111.14,108.64,93.86,,100.18,90.87,93.16,111.98,,96.42
31/05/2008,104.69,98.09,,92.53,99.6,100.87,103.51,93.16,98.36,102.52,104.18,102.32,,110.87,97.95,108.62,123.75,93.92,88.4,99.71,84.9,96.69,108.76,103.24,94.59,97.89,117.29,103.67,,107.28,99.71,86.93,,97.33,96.8,81.63,106.87,108.71,92.02,,101.2,96.47,94.91,112.01,,97.15
30/06/2008,107.41,98.57,,94.72,98.79,98.99,99.17,93.63,100.88,102.78,107.21,102.11,,110.43,98.38,110.45,118.15,94.41,90.32,99.7,82.66,99.09,109.57,101.45,91.64,96.29,117.85,103.66,,107.01,100.47,86.94,,96.42,99.94,79.17,107.71,107.98,92.31,,98.38,96.64,95.25,112.28,,97.77
31/07/2008,107.23,99.25,,95.89,99.92,98.85,97.46,93.59,97.53,102.97,111.3,101.98,,110.05,98.15,115.38,118.85,94.25,91.92,99.32,81.97,99.4,110.52,100.02,92.72,95.4,121.92,103.03,,109.7,100.83,87.33,,97.07,99.21,82.6,108.98,106.8,91.7,,96.95,97.58,95.21,112.02,,97.19
31/08/2008,109.22,93.47,,97.1,98.84,96.05,97.47,95.75,95.62,102.36,106.62,100.92,,107.24,98.97,111.97,119.92,96.53,94.71,97.55,82.04,99.42,114.06,97.75,93.44,97.66,119.03,102.05,,110.18,100.98,90.13,,96.32,99.1,85.22,107.9,106.43,90.13,,95.16,103.92,97.89,111.03,,99.15
30/09/2008,113.59,88.2,,89.39,99.53,96.69,98.44,98.38,87.37,102.98,104.72,100.69,,105.89,99.86,108.98,111.83,92.73,95.22,100.44,85.91,97.54,110.34,95.41,94.18,95.31,115.65,102.35,,107.2,100.25,92.57,,96.23,99.94,83.34,100.75,104.89,90.8,,95.5,102.34,101.48,109.33,,101.24
31/10/2008,120.19,76.37,,77.04,99.88,88.44,89.83,102.6,83.93,101.55,102.52,99.91,,103.46,103.67,99.84,97.56,90.89,92.06,101.68,95.55,97.89,96.19,90.93,96.84,94.92,108.39,101.79,,104.83,102.62,98.3,,97.44,99.95,72.2,88.31,101.06,94.41,,96.33,93.75,106.81,108.94,,106.94
30/11/2008,120.9,74.96,,76.63,100.2,87.15,87.42,105.28,84.75,101.94,100.36,100.15,,102.65,108.24,97.87,87.65,91.84,79.84,98.6,100.93,97.42,96.16,86.85,99.17,94.8,104.36,101.54,,104.61,104.09,101.64,,98.53,100.99,72.01,84.8,97.75,93.67,,95.61,91.09,110.26,102.5,,108.05
31/12/2008,119.34,75.43,,72.31,102.36,85.48,86.34,102.85,88.25,102.21,99.11,103.23,,108.09,106.66,100.26,94.94,89.73,81.61,97.88,106.46,96.36,94.38,84.58,98.68,95.32,99.72,102.55,,103.66,99.35,100.19,,98.35,103.76,71.62,85.24,93.58,94.27,,92.67,91.49,108.65,96.65,,106.25
31/01/2009,117.13,76.34,,75.88,104.27,85.88,89.24,104.82,88.8,102.15,97.25,103.15,,107.11,107.15,96.06,97.11,89.77,83.1,97.15,106.85,95.86,91.42,83.41,97.39,98.03,95.13,102.34,,98.08,90.67,101.16,,97.64,105.27,73.14,86.53,93.64,96.57,,93.12,90.52,109.45,94.23,,107.34
28/02/2009,117.29,74.76,,77.29,104.27,85.62,91.98,107.62,81.46,101.52,92.54,103.71,,106.56,108.55,90.76,108.62,89.63,79.59,94.25,105.71,96.18,87.74,79.99,96.28,99.37,86.89,101.77,,97.31,84.53,103.37,,97.46,105.93,74.57,83.58,91.2,96.08,,94.84,89.27,111.32,97.51,,110.25
31/03/2009,112.97,77.03,,77.71,104.66,84.63,94.1,107.41,83.13,102.01,97.6,105.03,,108.98,109.85,89.9,106.08,86.14,80.82,92.96,100.1,95.5,87.76,82.53,98.4,98.72,88.43,103,,98.44,88.05,103.92,,96.69,105.81,76.05,84.05,89.87,95.49,,94.97,86.7,110.98,95.17,,110.89
30/04/2009,108.91,81.27,,80.42,104.15,86.03,93.7,104.93,84.82,102.35,98.33,103.91,,107.99,108.1,92.51,94.69,87.58,85.37,91.68,97.36,95.55,94.99,86.48,99.3,98.15,92.14,102.54,,99.59,89.84,102.03,,95.89,104.38,83.07,90.83,91.74,95.27,,95.27,90.51,108.44,97.1,,108.28
31/05/2009,104.2,85.4,,84.66,103.74,91.26,94.1,101.56,88.49,103.28,98.58,104.23,,108.4,105.09,98.44,92.86,88.87,88.72,92.4,97.11,95.7,95.24,88.61,99.77,97.41,93.13,102.34,,99.9,92.12,99.29,,96.72,104.14,87.12,94.89,94.2,95.88,,94.92,91.13,105.07,99.44,,105.24
30/06/2009,100.5,88.78,,88.98,103.79,92.9,95.42,99.58,93.18,104.45,99.77,105.14,,109.71,103.88,99.5,91.96,89.71,89.38,94.66,96.03,95.04,93.4,92.65,98.03,96.2,91.61,102.4,,99.49,93.63,98.05,,95.98,104.79,89.85,93.35,92.24,96.28,,95.8,90.03,103.41,103.88,,104.83
31/07/2009,99.46,89.07,,90.07,103.19,92.62,96.98,99.18,94.82,103.43,102.43,104.89,,108.73,103.49,104.09,91.4,89.16,90.27,96.81,97.75,93.93,93.41,93.72,97.13,95.51,96.52,102.19,,99.2,92.48,98.29,,96.72,104.32,91.59,93.24,92.39,95.56,,95.53,91.75,103.52,103.61,,104.37
31/08/2009,97.17,91.74,,93.62,102.77,95,94.14,98.4,95.1,103.05,102.46,104.27,,108.93,100.79,104.27,90.4,89.45,90.9,97.6,96.66,93.92,95.43,97.24,97.77,94.38,99.75,101.56,,98.72,90.68,97.54,,96.63,103.81,90.48,94.46,97.76,95.34,,95.06,91.99,102.83,103.58,,102.92
30/09/2009,96.64,93.48,,94.01,103.14,95.09,93.82,97.47,96.26,103.41,103.75,104.91,,109.93,100.14,103.78,91.4,88.68,91.91,98,99.27,93.61,92.38,99.49,98.12,93.71,99.42,102.14,,98.93,91.98,96.79,,96.3,104.1,95.04,95.22,98.66,96.33,,94.34,90.75,102.14,100.77,,102.02
31/10/2009,95.46,97.3,,97.55,103.28,96.92,93.08,95.93,98.76,104.62,101.77,105.16,,110.9,101.06,105.33,91.56,91.08,94.28,97.93,98.8,94.88,93.28,102.18,98.14,95.23,98.38,102.1,,98.33,94.7,96,,97.13,104.45,94.24,97.2,97.94,97.23,,94.25,92.67,100.21,98.38,,100.56
30/11/2009,95.77,98.21,,97.82,103.22,96.52,99.03,95.72,94.26,104.17,101.84,105.02,,110.73,100.31,104.41,91.59,92.1,93.79,96.18,99.37,94.83,94.24,99.89,96.96,94.59,99.71,102.12,,98.79,95.82,95.57,,97.23,104.57,93.08,97.6,97.5,97.5,,94.27,91.79,99.7,100.53,,99.87
31/12/2009,97.28,97.17,,97.28,102.95,96.92,100.15,97.26,92.49,102.98,100.17,104.02,,109.65,101.2,102.68,92.24,92.94,94.56,96.57,98.6,94.77,96.77,98.87,97.76,96.97,99.5,101.72,,99.86,93.6,96.61,,96.44,103.91,94.31,98.11,96.24,96.95,,94.75,92.47,99.71,100,,99.8
31/01/2010,98.87,98.88,,96.52,102.4,98.11,100.95,97.98,94.75,102.79,100.41,103.15,,105.92,100.93,104.64,92.61,95.96,97.04,98.36,96.78,96.03,98.01,100.25,98.7,97.78,101.1,101.03,,102.82,96.79,97.16,,96.87,102.98,95.51,101.43,96.67,97.68,,95.88,97.34,99.5,100.52,,100.11
28/02/2010,100.62,97.06,,94.79,101.45,97.63,95.89,100.45,97.92,101.5,99.37,102.4,,103.01,102.58,102.6,94.11,96.1,97.28,98.51,98.57,95.37,97.93,97.49,99.86,98.07,101.1,100.24,,102.15,98.35,98.81,,96.76,101.66,94.89,100.38,97.93,96.65,,96.5,98.14,100.65,99.66,,101.03
31/03/2010,99.82,99.69,,97.84,100.49,100.32,97.08,99,99.46,101.33,100.1,101.82,,102.89,101.68,104.31,94.92,98.26,98.47,98.29,97.8,97.57,101.06,97.51,99.8,99.08,103.5,100.67,,101.98,100.73,98.88,,97.11,100.62,98.64,102.09,99.28,96.92,,98.17,97.23,100.1,96.08,,100.47
30/04/2010,99.35,101.22,,99.76,100.47,102.29,97.61,98.95,97.91,100.86,100.44,100.75,,101.44,101.3,103.69,95.31,102.03,99.63,99.56,94.14,100.83,103.26,98.34,99.37,101.77,103.12,100.21,,100.26,102.38,98.89,,98.75,100.05,99.41,104.5,98.82,97.68,,99.17,100.58,99.21,98.52,,99.91
31/05/2010,102.06,97,,99.46,99.11,100.21,97.74,101.43,97.77,99.88,97.77,99.14,,98.2,102.72,98.9,98.74,101.82,99.88,100.75,97.53,101.06,99.72,98.9,101.38,100.93,97.38,99.5,,98.21,102.69,102.23,,100.23,99.44,98.7,101.42,97.35,96.61,,100.54,100.93,102.07,98.46,,102.9
30/06/2010,102.75,96.13,,100.64,97.71,100.74,97.96,101.91,101.46,99.88,96.6,98.11,,96.41,103.76,96.78,101.14,101.82,101.86,100.57,99.69,101.61,100.22,99.06,102.48,100.3,95.86,99.23,,96.34,102.32,103.75,,99.56,99.18,99.83,97.93,97.45,98.04,,101.24,100.33,103.4,101.05,,103.64
31/07/2010,101.36,97,,100.95,99.04,99.86,97.81,100.81,102.89,100.47,99.74,99.02,,97.93,99.42,97.11,101.34,99.86,102.59,98.92,101.45,101.87,98.72,100.23,101.82,98.89,97.27,100,,99.41,101.7,102.47,,100.63,99.82,99.46,97.03,99.22,101.06,,99.73,99.25,101.54,101.45,,101.85
31/08/2010,101.1,98.62,,100.46,98.73,99.44,101,99.77,105.11,99.48,101.15,99.07,,97.6,98.04,96.91,103.55,99.49,102.58,99.96,103.06,102.47,98.77,99.48,101.74,100.37,98.77,99.51,,99.79,101.75,101.64,,101.36,99.14,101.43,98.35,99.59,101.11,,100.31,100.28,100.75,103.29,,100.8
30/09/2010,99.7,101.43,,102.1,99.24,99.58,103.24,99.76,104.77,99.1,101.33,99.03,,97.89,97.04,96.38,104.29,100.09,101.65,100.62,103.11,102.77,98.21,100.39,100.87,101.21,100.04,99.66,,99.42,99.69,100.69,,101.68,99.05,102.45,99.57,102.45,103.54,,101.88,101.24,100.16,101.1,,99.6
31/10/2010,97.42,103.13,,102.25,100.59,100,102.5,98.3,101.91,99.4,102.71,100.16,,101.17,97,100.81,104.77,101.07,99.19,100.92,103.88,100.18,100.17,101.24,98.2,100.14,101.79,100.45,,100.27,97.21,97.68,,101.83,99.71,102.22,100.07,103.67,102.82,,101.84,103.37,97.06,98.69,,96.41
30/11/2010,98.31,104.12,,101.48,100.69,100.61,103.05,100.19,99.16,98.25,101.73,99.51,,99.74,97.42,99.78,105.15,100.53,99.62,100.58,102.46,99.81,101.9,104.57,97.88,100.72,101.11,100.07,,99.9,96.63,98.42,,102.63,99.47,101.96,98.86,102.79,102.29,,102.45,102.88,97.61,100.62,,96.35
31/12/2010,98.64,105.73,,103.77,100.07,101.2,105.17,101.46,96.89,97.08,98.65,97.83,,97.8,98.11,98.09,104.06,102.98,100.21,102.97,101.52,100.43,102.03,102.53,97.9,100.75,98.96,99.42,,99.45,99.75,99.39,,102.6,98.88,105.49,98.37,104.78,105.61,,102.31,98.45,97.95,100.56,,96.93
31/01/2011,97.97,105.4,,104.72,100.78,102.04,101.03,101.81,99.47,97.54,102.19,97.85,,96.52,97.27,99.49,101.12,102.5,99.53,102.73,100.91,101.87,103.86,103.55,98.13,99.25,102.92,100.09,,100.96,103.31,99.54,,104.51,99.98,103.23,100.65,105.92,105.67,,100.07,95.14,96.69,100.9,,95.98
28/02/2011,96.38,105.94,,104.68,102.06,101.97,102.87,102.36,98.07,97.77,103.03,98.87,,97.56,97.16,101.53,100.31,101.26,100.04,99.56,99.59,101.85,103.74,101.65,97.87,100.87,102.07,99.94,,102.07,105.3,98.63,,104.08,100.1,98.53,100.3,108.18,104.73,,98.87,92.48,95.26,102.15,,95.2
31/03/2011,95.46,105.4,,104.63,102.32,103.14,101.61,100.78,97.19,98.46,102.42,99.59,,100.08,96.15,102.64,99.94,101.88,100.39,100.64,99.9,101.14,103.31,98.12,97.18,100.55,100.54,101.32,,104.48,106.8,97.48,,103.81,100.63,101.87,99.35,107.74,106.42,,99.43,91.32,93.57,100.14,,94.77
30/04/2011,92.74,108.74,,108.49,102.35,104.27,101.92,99.65,99.42,98.99,103.03,100.28,,101.69,95.48,105.6,99.86,103.19,99.94,102.87,96.28,100.59,104.55,102.5,94.74,100.36,102.35,101.48,,106.76,105.97,96.05,,104.31,101.01,103.18,101.39,107.41,106.13,,100.61,93.11,91.63,99.86,,93.53
31/05/2011,93.21,109.52,,106.84,101.93,103.46,102.8,99.81,99.96,98.35,102.71,99.88,,100.6,95.28,104.6,99.6,101.79,100.35,102.16,98.57,100.09,103.93,103.32,95.83,99.7,103.27,101.18,,106.07,106.99,95.86,,105.24,100.91,101.25,100.99,107.22,109.27,,99.55,92.12,91.68,100,,93.72
30/06/2011,93.01,108.74,,108.42,101.43,101.74,102.33,100.12,101.13,98.05,103.2,99.98,,100.8,95.19,104.62,99.52,102.25,100.66,103.93,99.14,99.71,102.44,105.92,96.05,99.49,102.19,101.04,,104.02,106.81,95.99,,104.99,100.99,102.52,101.23,105.29,113.21,,98.42,89.01,91.83,98.88,,93.68
31/07/2011,92.54,110.06,,109.92,101.67,103.94,103.42,100.43,101.98,97.23,103.17,99.69,,99.23,94.21,103.89,99.37,103.75,100.81,103.59,99.92,100.29,103.82,109.34,97.09,100.29,101.09,100.84,,102.53,107.45,96,,107.48,100.49,103.09,103.35,104.72,115.01,,99.24,86.11,91.34,98.75,,93.06
31/08/2011,92.58,106.73,,107.95,101.88,101.27,102.42,101.25,100.72,96.83,103.37,99.88,,99.64,91.25,102.12,100.44,101.56,100.81,100.15,102.76,100.04,98.85,108.16,97.39,100.33,98.05,100.33,,102.28,103.43,95.76,,108.34,100.89,98.72,101.67,104.5,120.59,,99.53,81.68,90.93,100.33,,93.56
30/09/2011,96.28,105.6,,101.26,101.31,100.32,101.06,104.47,100.5,96.14,101.37,99.18,,99.25,93.75,96.72,102.08,99.29,99.79,98.21,104.74,98.64,93.76,106.49,99.54,100.46,92.27,100.74,,100.75,99.29,97.95,,106.26,101.16,94.79,98.55,104.51,111.11,,98.92,82.73,93.34,100.2,,96.07
31/10/2011,97.44,105.02,,100.14,101.98,99.02,96.38,105.76,97.39,96.78,100.32,99.2,,99.78,97.44,93.46,103.49,96.83,99.58,99.35,105.59,97.75,91.81,103.66,101.1,100.76,92.57,101.53,,100.43,98.37,98.6,,105.13,101.55,90.69,96.05,104.68,108.25,,98.17,84.2,94.43,100.38,,96.65
30/11/2011,97.3,105.19,,100.43,101.9,98.87,97.54,106.45,97.17,96.71,98.01,98.82,,99.28,98.16,90.02,103.16,94.46,98.7,98.07,103.95,97.65,91.33,101.54,102.76,101.58,91.17,101.13,,99.89,100.81,99.13,,105.08,101.9,89.38,98.07,104.29,107.51,,98.59,87.07,95.08,101.64,,97.04
31/12/2011,98.67,106.21,,98.99,101.07,98.94,97.06,108.08,97.44,95.13,97.3,97.74,,97.8,99.63,90.77,102.06,91.97,99.1,97.99,104.12,98.15,92.16,102.1,104.06,101.25,89.68,100.53,,99.91,100.41,100.04,,105.21,101.11,90.2,97.72,104.76,106.23,,97.91,86.17,96.19,102.46,,97.4
31/01/2012,97.65,108.62,,101.9,100.44,99.83,99.6,109.58,101.61,93.67,98.25,97.14,,94.48,99.97,90.9,101.26,95.07,99.11,97.17,104.86,99.28,94.63,105.44,103.07,101.41,91.7,100.69,,99.2,102.17,99.86,,106.86,101.39,92.65,97.86,104.73,106.08,,96.34,88.81,96,102.03,,97.07
29/02/2012,95.11,110.48,,104.82,100.64,100.7,102.51,108.11,104.33,93.42,99.93,97.92,,94.98,98.4,96.62,99.78,97.79,98.49,96.97,101.49,100.93,98.49,108.5,101.82,102.46,96.06,100.44,,98.85,105.4,98.47,,107.28,100.78,95.8,98.85,105.43,106.8,,98.32,91.16,93.62,102.03,,95.5
31/03/2012,96.95,108.72,,100.42,100.21,101.15,102.02,108.36,105.44,94.55,100.7,97.83,,96.07,99.03,96.1,98,96.4,97.55,96.54,96.78,100.52,98.66,107.32,103.27,102.8,96.88,101.07,,98.11,107.39,98.91,,108.09,100.51,97.57,99.03,104.22,106.82,,99.74,89.5,93.66,102.06,,96.36
30/04/2012,97.75,106.66,,97.66,99.94,101.53,102.01,108.2,105.41,95.38,99.7,97.33,,96.06,99.14,95.6,98.28,95.02,97.23,97.51,98.22,99.75,95.74,107.18,104.55,103.74,96.04,100.8,,97.43,107.11,98.92,,109.21,100.65,94.93,97.92,104.26,106.7,,99.3,90.84,93.68,103.85,,96.75
31/05/2012,100.56,104.31,,92.93,99.59,100.54,101.28,109.09,106.49,96.16,97.62,97.17,,94.86,100.29,95.45,100.37,91.79,96.64,97.09,101.16,99.52,92.15,102.91,105.86,103.73,93.19,100.26,,96.14,104.66,100.48,,109.5,100.64,92.51,97.11,102.16,105.97,,99.06,91.72,95.61,105.37,,98.48
30/06/2012,102.65,106.15,,91.08,98.58,99.12,100.5,108.92,107.96,95.44,96.46,96.71,,94.36,101.6,95.46,102.36,90.83,96.86,96.58,102.49,98.22,91.25,104.83,107.11,105.76,93.21,100.05,,95.43,101.02,102.24,,109.37,100.81,91.81,97.59,103.08,105.31,,99.26,91.85,96.97,104.22,,99.88
31/07/2012,101.42,110.35,,92.64,99.46,100.39,103.3,108.83,108.05,94.62,96.45,95.59,,91.97,99.5,97.14,104.08,92.67,97.17,94.71,102.45,98.5,95.8,106.91,108.4,108.07,94.64,99.53,,93.39,104.35,102.7,,111.2,99.76,93.91,99.29,105.81,103.89,,99.5,93,97,105.66,,99.22
31/08/2012,100.21,111.57,,92.09,99.43,101.95,104.95,108.39,105.79,94.82,97.5,95.14,,91.97,98.52,99.4,107.31,92.41,96.38,94.16,102.05,99.32,96.58,107.25,108.79,107.39,96,98.97,,94.14,104.92,101.99,,111.96,99.21,92.96,99.76,108.87,103.56,,99.6,93.15,96.38,105.8,,98.53
30/09/2012,98.22,109.01,,91.17,100.89,102.47,105.46,107.56,104.57,97.07,98.85,95.94,,94.32,97.18,98.35,102.65,93.33,94.31,93.84,101.26,99.15,97.77,106.76,108.32,106.77,95.54,99.71,,95.9,104.51,100.66,,112.46,99.99,91.56,99.71,107.17,104.02,,99.95,91.19,94.84,105.94,,97.04
31/10/2012,97.29,107.47,,91.15,101.07,101.53,105.39,107.81,104.06,96.38,98.33,96.04,,94.84,99.5,99.25,101.02,95.09,93.58,95.28,99.55,99.67,98.46,106.7,108.19,107.17,96.61,99.79,,94.81,105.19,100.64,,112.27,100.27,87.81,100.66,105.61,104.17,,100.75,92.19,93.88,105.5,,96.47
30/11/2012,97.47,109.03,,90.55,100.69,100.72,104.15,109.7,103.5,95.73,96.24,95.64,,94.18,100.29,98.96,99.81,92.6,93.9,94.44,96.8,100.16,98.2,106.79,108.11,108.57,95.96,99.44,,95.44,105.43,101.37,,112.91,100.17,87,102.6,105.21,104.01,,100.98,93.76,94.65,105.8,,96.66
31/12/2012,96.04,109.16,,90.03,101.3,100.58,104.09,110.04,104.41,95.85,97.16,95.84,,95.68,100.12,98.04,98.72,92.05,93.85,96.59,92.92,99.81,99.85,107.9,108.93,108.48,97.26,99.63,,97.3,106.69,100.77,,113.49,100.3,88.23,103.51,105.43,104.13,,101.48,92.84,93.9,105.88,,95.5
31/01/2013,94.55,109.76,,92.72,102.37,100.15,104.83,111.58,105.49,96.45,98.13,96.4,,95.73,100.62,96.95,97.07,91.66,94.91,97.26,86.79,100.93,101.3,108.98,109.08,110.43,97.23,99.13,,101.69,109.32,101.86,,113,101.43,86.71,105.4,106.05,103.43,,104.44,94.84,94.06,103.86,,95.73
28/02/2013,92.51,107.99,,95.87,102.37,99.14,104.53,113.43,104.13,96.43,98.56,97.41,,96.49,101.63,97.32,98.85,92.87,95.76,98.1,82.42,99.36,101.22,109.76,107.31,111.4,96.53,98.87,,102.05,109.75,101.9,,113.44,101.36,86.59,103.82,108.02,103.76,,106.13,94.41,93.69,100.92,,96.55
31/03/2013,92.26,109.35,,96.69,100.65,97.99,105.67,113.77,103.36,95.54,96.73,96.35,,96.06,102.4,92.99,102.68,92.93,96.79,99.59,81.7,100.01,104,109.16,108.27,112.29,95.79,99.76,,100.74,109.57,102.9,,113.04,100.79,85.76,103.17,109.12,102.6,,108.37,94.76,94.81,99.88,,97.6
30/04/2013,91.63,109.7,,96.19,100.2,98.3,105.06,114.89,102.31,95.73,96.06,96.31,,96.07,103.29,94.68,108.06,93.43,96.87,101.49,79.12,102.25,106.81,111.62,108.25,111.61,96.79,99.75,,101.16,107.99,102.81,,112,101.02,86.67,101.35,107.73,103.36,,110.52,95.48,94.52,101.36,,97.03
31/05/2013,91.37,105.07,,95.28,99.98,98.39,103.78,115.87,102.01,96.14,95.68,96.55,,96.32,103.74,96.61,106.34,93.15,97.25,101.44,76.87,104.11,105.61,109.72,106.96,111.86,95.58,99.82,,102.48,109.05,103.17,,111.71,100.93,84.34,102.71,106.3,101.62,,108.89,94.27,95.14,101.82,,97.73
30/06/2013,92.54,100.57,,89.71,100.61,97.44,100.01,115.92,99.81,97.58,97.32,97.37,,98.1,103.82,96.56,105.54,89.18,97.19,102.34,80.11,99.99,100.26,106.35,104.08,108.12,93.95,100.25,,99.86,105.48,103.14,,111.29,101.82,78.88,100.23,105.74,103.45,,105.1,90.98,95.77,102.31,,98.54
31/07/2013,92.93,98.64,,86.94,100.26,96.73,100.42,116.9,100.68,96.91,96.62,97.25,,97.44,105.13,96.74,105.77,88.97,98.82,104.05,78.61,99.27,101.99,107.54,104.06,108.04,94.63,100.07,,101.07,105.83,104.31,,111.36,101.57,81.16,101.95,106.13,102.83,,104.96,90.39,96.37,101.15,,99.08
31/08/2013,92.13,97.08,,83.43,100.24,96.44,98.84,116.97,100.64,97.1,97.25,97.85,,98.65,102.3,95.39,107.27,84.83,94.09,104.47,80.07,96.33,100.65,107.85,103.62,106.23,95.79,99.47,,101.08,103.95,103.68,,111.86,101.71,79.46,102.69,106.26,103.67,,102.91,87.92,96.7,102.67,,98.77
30/09/2013,89.01,99.5,,85.9,100.11,96.8,100.2,117.3,99.42,96.49,96.52,97.66,,98.74,102.13,95.35,105.61,84.11,87.86,104.08,78.66,97.44,99.4,109.87,103.83,106.85,95.28,100.01,,99.56,104.86,103.14,,112.33,101.4,80.04,105.49,106.52,103.51,,102.37,85.45,96.61,104.88,,98.3
31/10/2013,86.23,101.07,,88.96,100.71,96.08,100.05,116.05,99.98,96.01,97.46,98.25,,99.31,103.51,96.96,104.17,87.09,88.53,103.94,79.09,99.02,99.9,110.99,103.08,107.1,96.89,100.09,,100.39,105.48,102.3,,112.77,101.57,79.67,105.67,105.9,104.18,,102.82,86.96,94.82,104.78,,96.92
30/11/2013,86.19,99.89,,86.04,100.63,95.32,97.56,117.47,98.5,95.82,92.72,98.16,,99.15,104.28,95.99,104.95,87.35,85.71,104.34,77.68,99.23,100.9,110.93,102.7,107.35,96.85,99.8,,100.51,104.97,103.14,,114.12,101.71,78.24,106.89,104.25,104.08,,102.44,86.15,95.5,106.02,,97.41
31/12/2013,83.28,96.43,,84.93,101.4,93.53,96.11,118.54,97.93,95.87,91.34,98.58,,100.78,104.85,95.21,108.24,86.83,83.22,104.92,75,98.27,101.94,111.16,103.31,107.36,97.76,100.28,,100.8,104.24,103.06,,113.05,101.96,76.73,107.92,104.19,105.11,,100.87,83.91,95.35,107.44,,97.35
31/01/2014,77.76,95.48,,84.98,101.93,91.36,95.24,120.8,97.53,96.57,92.06,98.78,,99.43,105.69,95.29,109.91,86.16,83.81,105.32,74.69,97.57,101.25,112.55,103.12,106.23,98.2,99.36,,101.12,102.78,104.01,,112.32,102.35,74.18,107.54,104.86,104.56,,99.94,80.24,96.06,108.37,,98.42
28/02/2014,71.82,96.45,,85.82,101.48,90.69,92.51,120.71,94.03,95.83,92.13,99.19,,99.68,105.59,92.71,111.66,85.67,84.91,104.01,75.91,97.22,100.63,112.25,103.6,106.14,98.28,98.93,,101.94,98.47,103.81,,112.31,102.19,73.9,107.01,104.62,105.35,,100.52,80.77,95.75,108.97,,98.51
31/03/2014,72.26,97.55,,88.26,101.2,90.35,91.57,117.15,94.88,96.03,92.25,99.32,,101.5,105.2,92.46,111.85,87.6,88.57,104.67,75.8,97.94,101.26,115.2,104.12,105.96,97.86,100.23,,101.84,96.58,103.33,,112.21,102.4,76.06,107.31,104.66,106.17,,101.3,80.74,95.34,108.48,,98.87
30/04/2014,71.76,99.94,,92.23,100.8,91.29,93.33,114.52,98.83,96.33,91.73,99.24,,101.03,105.75,93.44,112.48,88.91,87.94,104.3,77.12,98.3,101.72,115.45,104.29,105.96,97.84,100.02,,102.29,98.41,103.31,,112.27,102.08,77.59,110.01,102.59,105.68,,101.48,84.96,95.05,109.41,,98.68
31/05/2014,72.18,99.76,,92.87,99.68,92.33,93.25,113.89,100.17,96.64,91.53,98.72,,99.98,105.23,93.76,112.31,90.77,87.01,104.4,77.8,98.84,102.08,115.33,104.38,107.82,97.41,99.69,,102.72,101.57,103.1,,112.59,101.95,78.59,111.83,102.31,105.37,,100.78,86.7,94.85,110.04,,98.59
30/06/2014,72.49,100.75,,92.82,98.91,92.88,93.84,113.89,101.92,96.25,91.05,98.37,,99.17,105.51,93.05,112.4,91.01,84.76,105.31,77.59,99.5,101.81,115.72,104.34,108.51,98.04,99.45,,102.77,104.11,103.27,,112.59,101.6,77.24,112.49,101.34,104.85,,100.89,86.23,95.46,111.23,,98.92
31/07/2014,73.12,100.94,,93.23,99.47,93.63,93.02,114.53,103.54,95.67,91.47,98.4,,98.04,106.12,92.11,112.24,92.37,86.98,106.52,77.71,100.41,101.99,116.56,104.86,109.61,97.75,98.83,,102.51,103.85,103.38,,112.56,101.35,77.88,112.19,99.53,104.67,,101.72,86.88,95.35,112.43,,98.64
31/08/2014,73.38,100.61,,92.13,99.08,92.22,90.27,116.46,102.07,95.29,89.95,97.86,,97.47,103.97,90.45,112.17,92.41,87.22,104.93,77.08,101.06,101.46,113.75,104.26,109.34,95.86,98.34,,101.66,100.79,104.04,,113.01,101.03,78.7,112.33,99.49,104.32,,102.26,86.22,96.33,111.43,,99.19
30/09/2014,74.37,98.99,,91.02,98.03,92.02,89.51,119.24,99.06,95.28,89.51,97.19,,96.17,108.14,89.59,111.46,93.14,87.04,101.93,74.55,100.96,101.72,111.24,103.5,109.79,94.87,98.46,,101.25,98.06,105.18,,112.43,100.41,77.52,112.05,98.47,103.37,,102.77,85.9,98.37,110.85,,100.39
31/10/2014,76.12,96.88,,87.84,98.6,90.87,91.81,121.13,96.51,94.76,89.51,97,,95.45,110.46,90.69,111.59,93.28,86.56,100.7,74.44,100.82,101.12,108.75,103.36,109.14,94.21,98.55,,101.01,92.77,106.35,,112.02,100.36,77.77,109.76,98.42,102.86,,102.75,87.14,99.41,110.75,,101.31
30/11/2014,78.11,96.86,,85.74,98.36,90.45,92.69,123.8,94.17,94.48,89.15,97.06,,95.38,112.44,90.83,110.5,94.2,89.48,99.23,69.65,100.7,101.98,109.85,103.96,110.88,94.12,98.45,,100.66,84.83,108.13,,112.08,100.48,78.86,107.59,97.88,103.35,,103.72,89.72,100.73,110.13,,102.42
31/12/2014,80.05,93.6,,84.75,99.18,89.25,90.46,125.29,87.28,94.09,89.63,97.47,,95.97,114.21,89.27,111.63,93.34,91.06,98.18,68.74,98.09,97.32,110.82,104.86,113.02,93.98,98.76,,100.46,71.79,109.48,,111.92,100.68,77.08,108.85,96.74,103.13,,104.57,88.54,102.59,110.83,,104.12
31/01/2015,81.42,93.34,,87.69,97.91,86.21,90.76,127.37,87.19,93.32,88.4,95.94,,91.15,115.21,87.12,110.36,96.37,91.17,99.48,70.39,95.67,97.09,111.02,104.95,114.76,92,97.22,,99.85,68.01,111.58,,111.56,99.97,78.49,112.74,94.79,110.94,,105.87,91.73,105.38,111.07,,106.11
28/02/2015,82.83,90.35,,83.3,96.99,83.82,91.12,129.3,87.83,92.02,88.13,95.34,,89.55,116.35,89.02,111.63,97.02,89.68,100.64,70.12,94.87,95.84,108.97,103.22,116.09,92.74,96.28,,100.02,70,112.29,,110.4,98.42,79.26,111.56,93.18,112.51,,106.95,88.24,105.86,113.5,,107.42
31/03/2015,85.99,90.87,,76.56,95.43,84.06,92.31,130.34,83.86,92.03,87.13,93.45,,87.68,117.2,88.74,111.62,97.81,88.8,99.7,69.97,94.45,94.67,110.49,105.16,116.3,91.98,96.94,,98.52,77.49,113.86,,110.11,96.93,78.44,111.54,93.75,110.15,,108.07,86.53,108.25,113.51,,109.65
30/04/2015,84.85,90.38,,78.86,95.02,85.34,94.3,129.57,86.45,92.01,86.34,92.75,,86.95,115.52,89.5,111.89,97.13,89.15,101.23,70.26,95.95,93.79,111.75,103.64,115.82,93.92,96.58,,98.19,87.98,113.27,,110.71,96.19,79.24,113.57,92.04,111.39,,107.52,85.04,107.85,112.97,,109.04
31/05/2015,84.19,91.98,,78.41,95.66,86.59,94.9,127.89,88.48,93.22,87.38,93.61,,88.83,114.61,88.75,112.36,95.25,87.77,101.94,69.25,96.39,92.4,107.96,102.48,114.69,93.22,97.25,,98.55,90.79,112.34,,111.76,97.13,78.45,112.27,93.26,112.83,,103.83,84.04,107.06,114.64,,108.56
30/06/2015,84.52,90.54,,77.76,95.7,85.49,92.24,128.68,84.48,93.15,88.29,94.09,,89.81,115.11,87.77,112.89,96.59,87.78,103.47,67.63,93.89,91.49,103.05,103.04,114.39,92,97.35,,95.8,84.42,112.8,,111.34,97.8,76.89,110.8,93.99,112.86,,104.14,82.08,107.58,115.65,,109.6
31/07/2015,86.06,87.8,,76.49,95.36,82.7,90.59,130.69,80.19,92.31,88.83,93.88,,88.38,116.63,87.74,113.62,98.28,88.85,105.77,68.33,93.86,89.42,99.45,104.06,114.9,91.88,96.61,,96.15,81.9,114.04,,110.47,97.27,77.59,108.5,92.73,111.28,,102.93,83.47,108.79,117.26,,111.35
31/08/2015,88.8,87.54,,70.93,96.86,81.35,87.38,130.1,74.17,93.34,89.9,95.02,,90.66,115.87,88.21,116.13,98.09,87.84,104.84,69.53,88.9,86.98,99.02,104.65,113.99,91.77,97.01,,97.17,72.02,114.92,,109.36,98.16,75.31,106.87,92.5,109.63,,100.83,79.6,110.72,118.11,,112.91
30/09/2015,91.32,85.2,,64.45,97.44,80.67,87.96,130.03,73.95,93.69,90.01,95.68,,92.1,118.77,87.66,118.68,97.26,84.41,102.86,71.78,84.06,86.09,96.2,106.24,112.87,91.48,98.4,,98,71.52,115.44,,108.83,98.51,71.38,106.3,94.67,109.05,,99.51,76.02,111.43,115.93,,113.34
31/10/2015,90.72,86.58,,64.77,97.01,81.68,88.65,128.85,77.47,93.04,89.65,95.22,,91.69,119.92,88.11,119.93,98.89,87.62,103.6,71.36,84.76,87.58,100.55,104.55,113.11,90.47,98.14,,97.89,75.67,114.87,,108.56,98.2,71.89,109.56,94.86,109.07,,99.92,79.05,110.04,115.37,,112.24
30/11/2015,91.29,87.29,,68.22,95.7,81.05,87.25,130.87,76.87,92.33,88.65,93.8,,88.65,121.89,86.97,119.03,99.14,89.67,104.46,70.42,85.23,88.53,99.85,103.16,113.28,89.35,97.23,,96.75,75.98,116.92,,109.08,97.43,70.15,109.93,93.89,107.69,,100.67,83.47,111.64,117.77,,113.81
31/12/2015,82.68,88.54,,68.03,96.67,78.39,87.83,130.21,72.02,92.02,89.37,94.54,,90.35,122.46,86.8,119.96,98.48,89.49,104.79,71.31,86.05,87.13,102.64,103.14,113.37,89.22,97.54,,96.41,70.76,117.09,,109.77,97.91,66.24,108.7,95.74,108.43,,99.87,82.16,112.29,115.7,,114.37
31/01/2016,71.55,86.62,,67.81,98.19,76.38,87.61,129.72,73.66,92.53,91.39,95.52,,90.37,123.4,87.94,121.04,98.83,90.9,103.73,74.16,85.71,83.18,100.99,103.6,113.59,87.78,97.76,,96.48,66.07,120.12,,108.96,98.74,62.29,107.49,96.44,108.39,,100.21,82.72,113.29,111.94,,117.13
29/02/2016,66.76,86.56,,69.41,98,78.26,88.9,130.94,71.97,92.62,91.62,96.56,,91.24,123.11,89.22,121.52,95.86,91.73,103.21,75.39,87.54,80.92,100.92,100.5,111.41,87.97,97.55,,97.44,65.16,118.73,,108.99,98.94,64.32,104.83,95.62,108.25,,100.06,83.16,111.58,109.44,,115.48
31/03/2016,65.41,89.97,,73.52,96.06,81.38,90.81,128.72,76.58,93.02,90.34,95.51,,91.32,121.43,87.96,121.76,96.57,92.88,102.73,75.8,88.39,83.93,100.95,102.13,112.36,89.22,98.66,,96.74,71.27,117.49,,110.24,98.05,65.39,106.31,96.24,108.3,,99.94,83.52,110.39,107.84,,113.56
30/04/2016,68.84,90.83,,75.48,96.07,83.44,91.3,126.33,79.15,93.83,91.01,95.84,,91.93,118.65,88.7,122.66,96.79,90.99,104.02,77.35,91.26,83.48,101.82,103.71,111.32,89.12,98.9,,96.4,74.12,115.71,,110.45,98.32,68.6,108.44,97.15,108.87,,99.28,84.19,109.09,106.53,,112.09
31/05/2016,73.13,87.44,,76.55,96.22,83.32,90.3,125.33,80.1,93.9,90.87,96.13,,92.57,119.29,88.07,123.52,97.65,90.13,103.64,78.54,88.84,80.28,101.74,103.41,111.3,87.27,98.9,,96.1,75.53,116.18,,108.99,98.38,65.67,106.46,96.27,107.62,,99.59,81.87,109.79,108.86,,113.66
30/06/2016,74.99,88.6,,78.96,95.71,83.77,90.84,123.32,80.6,93.22,90.54,95.95,,92.19,118.88,88.13,124.66,98.29,91.01,102.71,81.17,88.06,77.94,105.14,104.06,111.96,87.23,98.73,,95.13,76.81,116.19,,110.91,98.24,67.16,107.09,95.61,108.91,,99.55,83.17,110.25,106.7,,114.4
31/07/2016,71.77,90.92,,83.91,96.69,83.05,94.67,122.09,82.02,93.05,91.05,96.01,,91.46,120.09,87.9,127.9,99.76,93.27,104.03,82.44,89.79,78.8,106.99,104.7,110.78,87.16,98.19,,95.84,79.07,117.13,,111.01,97.61,71.64,109.79,94.33,108.57,,99.98,83.86,111.33,99.89,,114.88
31/08/2016,71.25,91.48,,85.36,96.79,82.83,93.67,121.19,81.34,92.97,91.04,95.85,,91.87,119.17,88.76,131.45,99.3,91.95,104.52,84.13,89.09,78.96,107.48,103.15,110.59,89.13,98.02,,96.54,77.51,115.76,,110.79,97.45,74.22,112.16,94.2,108.58,,99.83,82.74,110.85,98.72,,113.86
30/09/2016,71.09,91.1,,84.36,96.13,82.19,92.52,121.61,82.27,93.49,90.58,95.6,,92.2,119.62,89.18,135.24,99.35,92.63,105.15,83.59,86.97,76.41,108.66,101.92,108.53,88.48,98.74,,96.39,78.1,115.56,,109.82,97.48,72.75,112.92,93.39,108.08,,99.92,82.5,110.48,99.1,,114.6
31/10/2016,72.19,92.52,,86.64,96.04,81.69,93.85,121.36,82.27,93.43,90.55,95.62,,92.01,121.04,89.91,138.11,100.6,94.26,104.76,83.1,86.65,78.32,107.23,102.56,107.83,88.89,98.68,,95.55,81.72,116.56,,108.34,97.36,74.52,112.12,91.93,107.94,,99.9,81.73,111.61,93.89,,115.53
30/11/2016,74.44,93.16,,84.14,96.32,80.99,95.37,122.04,79.09,93.53,90.99,95.61,,91.27,123.38,89.52,143.23,100.69,94.3,105.51,80.84,85.64,75.05,109.15,104.41,108.67,87.29,98.11,,95.49,81.51,118.47,,108.48,97.64,76.11,110.39,90.61,108.81,,101.09,78.3,113.95,96.8,,118.21
31/12/2016,73.44,92.25,,85.06,96.33,81.99,96.15,123.12,82.93,92.47,90.57,94.74,,90.64,125.52,88.28,145.33,101,96,107.13,75.98,84.67,74.36,109.68,105.94,110.01,86.31,97.44,,94.95,86.52,119.88,,108.4,97.07,77.89,110.31,91.67,107.75,,101.96,75.72,115.27,99.22,,120
31/01/2017,72.91,93.2,,89.06,98.09,83.14,96.71,123.64,85.18,92.91,91.65,94.98,,89.86,124.77,89.87,141.69,99.92,96.56,106.91,75.97,85.07,72.11,110.61,106.95,109.66,88.39,97.15,,95.53,89.8,119.15,,108.31,97.33,79.72,111.02,93.26,108.54,,102.32,71.97,115.7,97.17,,120.2
28/02/2017,74.78,94.98,,90.7,97.34,83.28,98.31,122.44,86.52,93.51,91.33,94.94,,89.24,123.27,89.69,144.75,100.71,95.78,108.38,76.49,85.41,75.7,111.1,108.28,108.16,89.23,96.5,,94.44,91.23,117.89,,108.17,97.04,82.03,113.95,93.49,108.84,,102.42,73.56,114.52,98.1,,118.41
31/03/2017,76.86,94.51,,89.71,96.63,81.32,95.81,120.79,84.58,93.82,91.06,94.97,,90.3,123.19,89.06,146.89,102.53,95.57,110.52,76.43,85.25,80.05,107.78,109.42,107.49,89.38,98.15,,93.55,91.69,117.5,,108.87,96.86,83.96,114.76,92.87,108.4,,102.26,73.8,114.54,96.84,,117.81
30/04/2017,79.42,92.79,,88.74,96.68,80.93,96.21,119.76,86.22,93.33,91.23,94.65,,90.23,122.87,88.22,145.3,104.1,95.15,109.85,78.32,85.11,82.06,106.6,108.83,107.75,90.17,98.49,,93.63,93.66,116.72,,108.28,96.52,79.99,113.7,92.27,107.85,,102.78,74.5,113.07,98.79,,116.95
31/05/2017,78.7,91.05,,86.55,97.12,79.61,93.67,118.86,84.73,94,92.93,95.6,,91.97,121.9,89.64,153.02,103.67,95.04,110.85,76.46,86.34,81.68,105.84,107.32,107.28,91.87,98.81,,94.01,91.46,115.55,,108.29,97.3,80.52,114.14,92.24,107.7,,102.59,75.32,111.99,99.75,,116.5
30/06/2017,77.89,91.81,,83.45,96.87,80.87,93.56,119.2,83.2,94.01,94.39,95.97,,92.88,120.58,90.43,153.61,103.3,95.05,111.04,76.66,86.18,84.34,109.07,106.67,106.29,91.8,98.65,,93.89,89.65,114.91,,108.21,97.49,82.18,112.33,92.24,108.38,,103.18,75.3,111.7,97.59,,114.98
31/07/2017,73.42,94.28,,85.51,98.18,84.27,94.08,119.34,80.28,94.05,96.43,97.44,,93.95,120.3,91.75,146.34,104.36,94.53,109.35,74.95,85.5,85.78,110.16,106.77,104.52,91.93,98.49,,95.08,86.03,114.08,,108.48,97.99,80.12,111.74,95.18,107.5,,103.5,73.63,110.22,97.65,,113.35
31/08/2017,71.99,94.59,,86.09,98.65,84.32,94.81,120.07,80.97,94.34,96.64,97.58,,95.43,118.58,92.9,141.73,104.59,93.04,106.65,75.88,85.18,85.46,107.87,106.1,102.56,91.53,98.68,,94.99,84.19,112.15,,108.24,98.32,78.28,110.84,95.92,104.98,,103.55,73.77,108.6,96.06,,111.94
30/09/2017,73.47,94.47,,85.6,98.44,86.04,96.32,121.69,81.71,94.72,96.27,97.27,,95.5,117.28,91.43,139.71,102.47,92.51,107.68,74.59,86.02,84.86,106.01,104.63,102.31,91.47,99.5,,94.83,85.75,110.98,,108.05,98.34,78.23,109.63,95.84,104.25,,103.53,74.09,107.74,97.9,,111.09
31/10/2017,74.41,93.28,,85.08,98.92,84.56,97.14,122.03,81.58,94.35,97.69,97.18,,95.11,118.72,90.98,143.06,102.99,91.79,109.68,73.66,86.35,81.38,103.96,104.95,102.45,91.87,99.52,,96.01,86.68,111.31,,107.71,98.32,75.97,110.52,94.75,103.27,,104.44,72.06,109.73,98.15,,112.81
30/11/2017,75.33,91.37,,83.48,99.66,83.65,96.58,121.93,80.13,94.01,98.69,97.13,,94.85,118.74,90.73,145.02,104.43,91.68,109.28,73.83,88,81.64,101.82,105.18,103.68,93.24,99.12,,95.85,85.12,110.45,,108.29,98.51,74.07,112.75,92.76,102.34,,105.28,69.13,109.56,98.9,,112.8
31/12/2017,77.27,91.07,,82.26,99.77,83.07,95.57,122.14,80.63,93.58,98.11,96.79,,95.26,118.11,90.27,143.43,104.24,91.39,108.93,73.38,89.42,81,102.41,104.54,104.27,93.8,98.93,,95.92,85.22,109.84,,108.05,98.32,79.26,114.22,92.27,101.77,,105.22,69.86,109.36,99.69,,112.06
31/01/2018,71.06,92.7,,83.45,100.58,84.72,99.04,123.28,83.09,95.33,100.05,96.96,,94.79,115.68,92.18,142.57,102.73,91.26,108.98,73.19,90.6,81.11,104.35,103.44,102.56,95.51,98.42,,96.8,86.33,112.02,,107.56,99.21,83.5,114.06,93.05,102.24,,105.45,70.17,110.01,99.91,,110.04
28/02/2018,69.14,90.48,,81.8,100.71,83.4,99,126.2,82.79,94.99,100.37,97.48,,94.83,115.38,91.42,143.84,99.68,88.53,105.44,74.11,90.27,81.81,103.97,101.19,99.09,95.06,97.62,,96.84,84.88,110.41,,106.8,99.18,85.62,111.61,92.39,104.11,,105.06,69.54,108.49,100.18,,108.85
31/03/2018,69.67,89.39,,81.12,100.16,81.34,98.34,124.32,83.46,95.09,99.47,97.3,,96.22,114.96,91.01,146.22,98.91,87.72,106.63,75.44,90.34,82.15,103.54,101.82,99.22,93.61,99.24,,96.65,84.66,110.37,,107.17,99.32,85.76,112.49,90.22,102.8,,105.8,68.13,107.88,100.15,,109.45
30/04/2018,72.21,88.69,,78.14,100.49,82.62,99.18,124.61,86.37,95.76,99.68,97.63,,96.4,115.09,91.48,146.57,98.52,87.67,105.11,74.3,90.82,82.88,103.64,102.36,99.94,94.2,99.5,,96.99,79.75,110.23,,106.68,99.6,84.77,113.16,88.5,100.93,,106.4,66.58,107.88,101.43,,109.73
31/05/2018,65.25,88.46,,75.7,100.13,82.58,97.5,125.36,85.6,95.85,98.28,96.89,,95.69,117,89.82,144.33,97.98,87.81,106.2,74.15,90.51,78.34,101.4,103.34,101.26,91.48,99.14,,97.19,80.25,112.03,,107.17,98.97,83.66,114.31,88.01,100.81,,106.57,63.67,109.97,99.87,,113.11
30/06/2018,61.13,89.07,,74.91,100.21,81.49,97.3,124.52,85.93,95.93,98.04,96.54,,95.58,118.18,88.33,142.72,99.06,89.27,106.7,74.58,89.46,76.14,102.46,105.07,100.94,91.06,99.07,,96.77,81.05,113.24,,107.49,99.13,80,113.31,88.69,102.55,,105.75,63.16,111.28,99.46,,115.02
31/07/2018,60.78,89.38,,74.7,101.63,82.07,96.48,120.92,86.41,95.32,98.63,97.92,,96.41,120.36,88.65,144.1,99.83,88.55,106.31,74.77,89.8,82.27,101.97,106.45,102.75,91.16,98.8,,97.19,82.16,114.51,,107.61,99.47,81.04,111.78,89.46,102.51,,104.6,62.16,112.48,99.29,,115.36
31/08/2018,59.48,89.2,,73.49,102.89,82.83,96.93,119.84,84.91,95.04,99.4,97.69,,96.7,121.04,89.16,144.8,99.74,87.94,107.13,76.06,89.41,83.81,101.12,107.17,104.19,92.16,98.43,,98.05,78.74,115.51,,108.22,99.6,77.62,113.86,87.96,104.2,,106.23,51.64,113.77,98.84,,115.91
30/09/2018,49.65,87.61,,71.42,103.28,82.33,93.99,120.53,83.13,95.76,99.41,97.44,,97.71,121.31,88.99,140.04,95.71,85.88,109.13,75.25,88.63,83.31,100.05,107.13,103.65,92.05,99.71,,98.5,76.87,114.96,,107.88,99.79,74.12,114.73,88.7,105.74,,108.03,51.05,113.05,99.66,,115.91
31/10/2018,52.54,87.17,,78.27,102.56,82.96,94.76,120.03,81.68,95.7,98.26,96.9,,96.62,122.49,89.04,134.09,94.6,84.8,107.6,75.23,88.88,83.27,99.65,106.2,104.59,91.58,98.83,,97.62,79.7,114.86,,107.5,99.31,76.28,113.75,88.35,103.79,,108.04,57.42,113.12,99.99,,116.54
30/11/2018,55.81,89.37,,77.96,101.95,81.92,95.21,119.98,79.67,95.51,97.71,96.45,,95.39,123.08,89.15,129.03,97.65,88.39,106.31,75.1,88.85,79.86,103.48,105.77,107.05,91.58,98.36,,97.43,79.87,114.96,,108.28,99.19,79.09,113.99,89.03,103.72,,107.46,62.11,112.96,100.24,,117.58
31/12/2018,55.45,88.14,,75.92,101.96,80.39,94.38,121.09,79.19,95.11,98.2,96.18,,95.48,123.2,88.79,131.83,98.42,89.59,104.57,75.48,88.98,81.05,104.06,106.24,105.94,91.91,98.35,,97.82,79.14,114.29,,108.46,99.08,77.93,113.65,89.69,104.36,,107.29,62.21,112.37,98.46,,117.03
31/01/2019,56.7,86.97,,78.25,102.83,80.65,94.13,122.1,80.05,94.37,100.28,96.58,,93.91,121.76,90.03,132.89,97.42,91.16,105.98,77.11,88.8,84.57,102.67,105.67,105.66,91.81,97.51,,97.82,80.25,112.43,,108.3,100.1,79.42,112.49,89.08,104.16,,109.02,62.14,111.74,99.13,,115.64
28/02/2019,56.97,86.26,,78.54,102.52,81.46,96.27,124.53,81.17,94.12,99.46,96.45,,93.08,121.89,90.49,132.6,96.24,91.22,107.31,75.34,89.27,83.98,103.09,105.45,105.69,90.88,96.76,,96.92,81.64,111.62,,108.35,99.66,79.94,111.98,87.01,102.99,,110.53,63.15,110.88,100.34,,115.28
31/03/2019,55.97,85.66,,76.76,101.95,80.78,95.17,124.38,81.14,94.29,99.03,95.87,,93.51,121.31,90.99,132.84,98.99,90.32,107.84,74.8,89.54,83.89,103.3,106.88,105.26,90.88,98.02,,96.58,82.62,111.44,,108.39,99.8,77.38,110.83,86.56,103.3,,109.58,61.16,109.84,101.54,,115.98
30/04/2019,55.12,86.27,,76.04,102.08,80.78,95.46,124.01,80.68,94.11,98.49,95.49,,93.72,122.22,89.74,132.86,99.61,91.13,108.72,74.63,88.61,84.8,101.61,107.07,106.51,91.59,97.97,,96.6,83.6,111.5,,107.92,99.51,79.07,110.13,86.78,102.63,,109.58,59.12,109.96,100.98,,116.38
31/05/2019,55.43,85.11,,74.74,102.5,80.89,93.65,122.19,78.02,94.92,98.99,95.8,,94.24,122.82,89.36,131.28,100.41,90.84,110.27,76.58,88.31,84.26,100.41,107.62,106.85,91.83,98.08,,97.24,84.18,112.39,,108.24,100.08,78.34,107.28,85.12,103.25,,111.03,57.27,111.78,100.37,,117.69
30/06/2019,57.48,84.97,,76.89,101.7,81.64,93.22,120.43,79,94.71,99.82,95.68,,94.75,123.56,89.83,129.07,101.2,91.98,108.79,77.58,88.18,83.39,100.87,107.21,107.32,92.88,98.16,,97.68,84.68,112.05,,108.08,100.11,77.3,107.72,85.99,104.78,,112.57,59.24,111.1,98.26,,117.27
31/07/2019,60.18,85.41,,78.16,102.11,83.1,93.83,121.21,80.06,94.43,100.29,95.9,,93.44,124.01,89.08,129.26,102.99,93.24,109.98,77.22,88.78,84.57,102.19,107.91,108.69,92.74,96.7,,97.2,86.17,112.25,,107.35,99.81,80.63,106.71,86.61,104.76,,113.44,61.8,109.99,96.89,,116.81
31/08/2019,52.38,83.82,,75.66,102.31,82.44,92.09,119.84,76.65,94.37,99.69,96.15,,94.14,125.09,88.78,132.33,101.17,92.97,112.33,79.97,88.53,82.42,99.77,107.36,107.38,91.14,96.72,,97.5,83.5,113.61,,107.31,100.45,75.75,105.12,85.2,106.73,,114.51,63.24,111.63,95.79,,118.72
30/09/2019,51.26,84.41,,73.95,101.45,82.21,91.67,120,77.2,94.62,98.36,95.25,,93.39,125.22,86.87,131.64,101.47,93.62,111.86,79.02,88.53,83.11,98.47,108.19,107.69,90.46,97.61,,96.93,84.86,113.95,,107.55,100.34,77.75,107,85.37,105.75,,115.38,63.49,110.86,97.91,,118.86
31/10/2019,50.98,83.8,,74.02,101.96,82.35,91.36,120.89,75.96,94.36,99.18,95.39,,93.17,124.63,87.38,131.71,102.27,92.89,111.75,78.12,88.03,84.16,97.78,107.43,108.66,91.49,97.25,,96.69,85.06,113.24,,107.3,99.82,76.7,107.49,84.35,104.49,,115.3,63.27,109.86,99.28,,118.05
30/11/2019,51.85,84.09,,72.96,102.27,81.74,84.43,122.63,76.51,94.09,99.91,94.81,,92.21,124.16,86.73,132.48,102.12,92.86,112.14,77.12,88.28,84.78,98.51,106.91,110.06,91.71,97.02,,96.43,85.58,112.58,,107.81,99.82,77.17,107.75,85.47,104.15,,115.04,63.91,109.52,101.36,,117.41
31/12/2019,53.19,84.74,,74.04,102.85,81.97,84.72,122.25,76.77,93.7,99.94,94.26,,92.36,123.96,87.54,133.23,103.3,93.21,111.74,76.63,88.28,85.87,101.36,107.08,110.24,92.5,96.7,,96.41,86.7,112.35,,107.94,99.38,78.87,107.05,86.99,104.57,,114.76,62.59,108.63,102.41,,116.51
31/01/2020,53.92,84.21,,73.12,103.82,82.29,84.23,124.8,78.05,93.68,102.64,94.49,,90.67,120.95,87.46,130.79,102.45,94.91,111.5,75.8,89.22,87.29,101.44,107.06,110.13,93.81,96.13,,96.92,88.13,111.7,,107.29,100.15,78.94,107.18,85.15,105.91,,113.2,62.6,108.2,101.93,,115.95
29/02/2020,54.66,82.35,,70.45,103.52,81.53,82.76,126.45,76.83,92.91,103.15,94.58,,89.95,125.23,86.49,130.31,102.21,95.84,113.25,75.68,88.26,87.81,99.4,106.17,110.92,93.44,95.22,,96.68,86.33,113.08,,105.19,99.86,77.22,105.42,85.04,106.45,,110.81,62.08,108.88,102.59,,117.25
31/03/2020,57.57,77.23,,63.6,104.77,78.34,80.48,126.2,70.09,92.73,98.56,96.46,,94.09,126.92,85.9,123.86,99.25,88.02,109.5,78.99,85.77,74.54,95.97,107.01,111.56,91.77,97.76,,97.83,75.05,114.6,,104.6,101.84,70.49,104.66,84.25,109.13,,108.89,60.25,109.32,98.04,,121.6
30/04/2020,58.33,78.68,,59.34,104.41,78.25,80.73,125.74,70.05,92.37,96.07,96.48,,94.53,128.91,82.89,117.94,100.41,86.19,112,80.06,83.61,68.8,96.13,112.61,113.82,89.56,97.98,,98.21,76.47,116.16,,104.69,102.14,63.98,105.48,83.87,108.99,,106.39,57.08,110.75,100.12,,123.92
31/05/2020,58.41,80.9,,55.63,104.11,78.94,84.19,123.61,72.1,92.71,96.4,96.27,,94.6,128.48,84.66,118.62,100.76,91.74,113.21,80.4,83.89,71.55,96.92,112.25,113.86,89.8,97.68,,98.29,79.12,115.88,,105.38,102.46,64.95,104.91,86.64,108.97,,108.03,57.14,110.81,99.02,,123.34
30/06/2020,55.91,84.32,,59.57,103.81,80.97,85.49,121.5,73.29,92.84,99.26,96.47,,95.79,126.59,85.87,122.7,99.47,94.58,112.82,78.48,84.57,74.79,100.29,107.98,113.9,92.22,98.5,,98.31,81.38,113.49,,105.43,102.14,67.82,105.55,88.31,108.19,,111.27,57.2,109.3,98.28,,120.83
31/07/2020,55.1,85.73,,58.14,104.84,80.61,85.71,122.48,73.57,93.22,100.77,97.58,,96.01,121.6,86.34,118.62,100.92,91.4,112.7,78.34,84.54,74.22,101.5,106.06,115,92.29,97.61,,98.75,78.07,118.91,,104.6,102.45,69.29,105,89.94,108.69,,109.97,56.34,107.14,98.58,,120.21
31/08/2020,55.08,87.28,,55.91,106.21,81.42,84.87,122.79,70.43,94.04,102.99,98.08,,97.16,122.53,87.64,117.77,100.55,88.99,112.24,77.95,85.16,74.62,100.29,103.67,114.9,94.17,97.82,,99.66,74.2,117.64,,105.3,102.8,66.45,105.34,91.07,109.48,,109.63,52.61,105.47,99.81,,118.67
30/09/2020,54.68,87.62,,56.44,105.81,81.09,85.93,124.92,70.65,94.55,100.1,98,,97.06,119.1,84.43,117.43,102.73,87.66,111.22,77.57,85.39,76.34,100.97,103.12,114.97,92.74,98.82,,99.24,71.93,116.97,,105.39,103.22,68.24,106,89.99,108.93,,108.23,51.21,104.39,98.97,,117.86
31/10/2020,55.21,86.07,,54.46,106.57,81.19,84.55,125.76,68.81,94.4,98.39,98.01,,97.01,121.39,84.05,117.03,103.62,87.89,112.24,77.26,84.93,77.96,100.35,101.72,114.72,91.26,98.68,,99.13,70.53,116.56,,104.7,103.27,69.43,108,90.06,109.08,,108.17,49.55,103.96,98.92,,117.05
30/11/2020,54.01,86.98,,56.34,106.42,81.73,86.23,126.25,70.59,94.19,101,97.48,,96.02,120.41,84.29,117.98,102,90.39,112.35,76.75,84.69,80.95,102.73,100.49,115.16,92.08,98.32,,99.12,71.12,115.43,,105.02,103.01,72.84,109.68,91.32,108.16,,109.84,50.11,103.09,99.83,,115.22
31/12/2020,52.46,88.61,,59.22,106.84,82.36,88.08,126.35,73.93,93.83,101.5,97.4,,97.07,118.01,84.8,123.58,99.98,89.72,114.03,75.78,84.96,82.23,104.31,98.5,114.87,92.58,98.17,,99.41,72.65,113.21,,104.93,102.9,74.67,110.1,92.66,108.25,,109.64,51.36,101.53,99.42,,112.9
31/01/2021,52.27,90.27,,56.9,106.09,82.88,89.5,127.65,73.29,93.18,102.98,96.98,,96.31,118.64,85.02,121.5,99.26,89.83,113.84,75.48,85.7,82.58,104.95,98.03,115.32,92.03,97.44,,100.02,72.33,112.57,,104.49,102.46,73.29,109.45,92.41,107.91,,109.04,54.04,100.94,100.12,,112.37
28/02/2021,52.43,90.58,,56.5,105.67,83.22,89.42,129.57,72.25,92.76,103.48,96.79,,95.29,118.59,85.3,122.24,99.54,89.77,112.08,73.91,85.59,81.19,105.69,97.01,114.79,92.52,96.61,,99.55,72.7,112.04,,104.65,101.9,75.31,108.3,91.94,106.63,,107.81,56.83,100.15,101.71,,112.79
31/03/2021,54.6,91.32,,54.87,105.54,84.55,90.27,128.8,72.13,93.19,101.92,96.4,,95.88,119.9,83.73,125.14,100.62,88.83,112.39,72.41,85.53,80.06,105.45,97.16,115.36,90.85,97.42,,99.3,74,113.12,,104.97,102.24,75.57,108.05,90.77,104.15,,106.72,53.57,101.22,103.03,,114.88
30/04/2021,55.25,91.33,,55.48,106.51,84.88,92.61,127.2,71.28,93.65,103.13,96.55,,96.55,120.15,85.35,126.56,98.53,88.06,113.61,71.41,85.3,82.94,105.6,96.78,115.36,92.13,97.37,,98.82,72.55,113.11,,105.31,102.02,78.79,109.41,90.73,104.49,,106.23,50.83,101.61,102.96,,114.95
31/05/2021,55.04,91.3,,58,106.42,87.11,91.14,126.98,69.47,94.08,104.65,96.65,,96.82,118.52,87.35,127.8,100.93,88.86,112.94,70.8,84.3,82.45,106.51,93.97,115.67,93.03,97.33,,99.11,74.13,112.07,,105.49,102.54,79.77,107.73,91.06,105.42,,104.4,49.18,100.49,103.82,,114.24
30/06/2021,55.14,90.17,,61.32,105.6,86.32,89.13,126.86,70.12,93.87,105.03,96.15,,96.13,118.32,88.26,129.84,100.93,88.54,113.3,70.18,84.26,82.37,105.86,90.75,115.35,93.14,96.98,,98.83,76.21,112.29,,105.21,102.5,80.83,107.77,90.87,105.04,,104.34,48.83,100.74,104.07,,115.38
31/07/2021,56.79,88.61,,60.85,105.87,84.78,87.55,127.72,68.04,93.8,105.08,96.47,,95.12,119.47,86.54,129.29,101.25,88.62,113.98,70.84,83.18,83.23,106.09,91.64,112.37,91.9,96.33,,99.44,75.93,113.42,,104.29,102.49,79.1,106.53,90.05,105.12,,101.17,50.54,101.58,103.72,,117.01
31/08/2021,57.89,87.37,,60.1,105.94,84.36,84.57,127.74,67.46,93.56,105.97,95.83,,94.79,119.08,87.61,127.98,101.98,89.38,115.79,71.09,82.76,82.91,106.97,89.37,112.76,91.53,95.7,,99.1,76.33,113.34,,104.78,102.39,78.01,105.47,89.95,105.76,,99.45,51.75,101.83,104.34,,117.27
30/09/2021,59.11,87.42,,60.35,105.91,83.78,84.78,127.8,68.48,94.09,106.01,95.6,,94.9,115.93,87.19,125.9,102.52,89.69,116.22,70.87,83.61,83.34,108.34,88.8,112.15,91.8,96.29,,99.03,77.23,113.17,,105.37,102.97,78.96,104.37,90.33,104.41,,100.71,51.71,101.56,103.68,,117.16
31/10/2021,61.33,88.76,,57.91,106.93,85.53,82.58,129.72,69.35,93.81,105.5,95.24,,94.27,119.09,85.2,126.06,101.88,90.38,116.1,68.61,84.29,81.85,108.38,91.38,111.44,91.29,95.6,,99.88,79.96,113.53,,105.25,102.65,77.7,103.65,90.4,104.84,,100.38,49.22,102.34,104.72,,118.1
30/11/2021,62,88.06,,58.24,108.43,84.73,83.1,131.04,67.37,93.95,105.43,94.84,,93.69,118.79,84.33,126.08,103.43,89.99,120.25,68.09,84.08,80.99,108.44,91.61,112.85,90.48,95.56,,99.52,79.64,114.13,,105.72,102.66,74.88,103.97,90.26,105.71,,101.79,43.93,103.19,104.48,,119.05
31/12/2021,63.79,87.08,,57.73,109.66,83.01,80.21,131.95,66.91,93.63,106.02,94.13,,93.68,118.82,83.51,127.99,102.15,90.47,120.66,68.21,83.91,81.17,105.83,92.19,113.3,91.64,95.04,,100.11,79.58,114.53,,105.91,102.3,73.92,104.31,89.08,106.19,,100.11,39.41,103.73,104.44,,119.89
31/01/2022,64.15,87.39,,58.7,109.66,84.23,83.25,131.09,66.75,92.95,113.38,94.78,,92.73,118.49,85.9,128.58,102.47,90.35,119.58,67.37,84.15,82.62,105.06,94.87,111.99,93.84,94.72,,100.4,76.86,113.86,,106.36,103.64,75.34,103.34,87.12,105.72,,101.81,43.7,103.14,105.18,,119.76
28/02/2022,63.72,87.09,,62.53,110.09,83.66,83.78,132.07,67.94,92.87,114.08,95.08,,92.96,118.26,86.54,132.8,101,89.41,116.26,66.78,83.61,82.7,103.8,96.12,111.08,92.83,94.28,,100.03,75.04,113.15,,106.79,103.69,76.32,102.77,85.68,104.94,,103.97,45.09,101.83,104.79,,119.68
31/03/2022,64.98,90.54,,66.2,110.98,84.79,85.94,132.61,70.68,92.69,111.4,93.77,,93.68,118.57,81.3,130.08,100.78,90.52,116.42,65.26,83.96,82.59,107.25,98.46,110.66,90.2,94.54,,100.28,61.28,113.99,,107.62,104.26,78.65,101.99,85.38,105.34,,103.18,44.94,102.46,103.7,,121.58
30/04/2022,65.7,91.77,,70.23,110.87,85.42,85.65,131.45,71.6,93.82,114.04,93.62,,91.65,119.72,81.56,132.85,102.46,92.11,116.99,60.91,83.51,85.08,107.1,99.18,112.42,92.36,95.73,,102.13,83.63,115.09,,107.94,103.76,79.47,102.41,86.3,104.52,,103.24,47.76,103.31,104.81,,122.57
31/05/2022,65.7,91.77,,70.23,110.87,85.42,85.65,131.45,71.6,93.82,114.04,93.62,,91.65,119.72,81.56,132.85,102.46,92.11,116.99,60.91,83.51,85.08,107.1,99.18,112.42,92.36,95.73,,102.13,83.63,115.09,,107.94,103.76,79.47,102.41,86.3,104.52,,103.24,47.76,103.31,104.81,,122.57
